Time;Strain;Reduced Relaxation Function;Elastic Response;Stress;Stress by dG;Stress by Integral Derivative
0;0;1;0;0;0;0
0,1;0,0001;0,8783013425487732;0,010000050000069649;0,01626113780916258;0,007717970008820492;0,015044126454550758
0,2;0,0002;0,8545957837460366;0,020000200001257795;0,02122625428856832;0,014980467565318841;0,020741610608247876
0,30000000000000004;0,00030000000000000003;0,8407801095025041;0,030000450004452617;0,03338651749263836;0,02212937788598919;0,03195227553762407
0,4;0,0004;0,8309991417820047;0,04000080001076434;0,03805589910789;0,0291271160047256;0,037492617040734845
0,5;0,0005;0,8234279489002334;0,05000125002085909;0,05001470083444215;0,03606832103612363;0,04847208618264664
0,6;0,0006;0,8172543066319844;0,06000180003606914;0,04786297622630516;0,042919211524982674;0,053920960192196526
0,7;0,0007;0,812045043543882;0,07000245005706063;0,053029899032565865;0,04973258578634365;0,06474882078797248
0,7999999999999999;0,0007999999999999999;0,807541615321988;0,08000320008538786;0,06410734990654646;0,05648172593825661;0,07013310596678632
0,8999999999999999;0,0009;0,8035772613674904;0,09000405012149493;0,06918375067144833;0,06320285755829663;0,08084822435782964
0,9999999999999999;0,0009999999999999998;0,8000381206867675;0,1000050001667141;0,08018175565211183;0,0698742431856507;0,08618264698386044
1,0999999999999999;0,0010999999999999998;0,7968429816441931;0,11000605022193355;0,08518720369079703;0,07652332437227295;0,09680813502585386
1,2;0,0012;0,7939318809169499;0,12000720028804146;0,09612132531319982;0,08313187849119875;0,10210200878297299
1,3;0,0013000000000000002;0,7912592818680579;0,13000845036614805;0,11440356583669022;0,08972193048847524;0,11265320631679565
1,4000000000000001;0,0014000000000000002;0,7887897882442721;0,14000980045736355;0,11861686891079815;0,09627783710997903;0,11791295773632277
1,5000000000000002;0,0015000000000000002;0,7864953402770362;0,15001125056257614;0,130182391104939;0,10281795721969225;0,1284007938416025
1,6000000000000003;0,0016000000000000003;0,7843533175654024;0,16001280068267398;0,13434981361470738;0,10932861131990787;0,13363112611857172
1,7000000000000004;0,0017000000000000003;0,7823452181129802;0,17001445081876732;0,1458726645554821;0,11582551533614185;0,14406378416746135
1,8000000000000005;0,0018000000000000006;0,7804557155146962;0,18001620097196636;0,14999995692691795;0,12229653121485617;0,14926828893164407
1,9000000000000006;0,0019000000000000006;0,7786719713951489;0,19001805114315928;0,16148520509465616;0,1287553806569689;0,15965212648520938
2,0000000000000004;0,0020000000000000005;0,7769831244144307;0,20002000133345632;0,1655768685621057;0,13519116618628935;0,16483363641054155
2,1000000000000005;0,0021000000000000007;0,7753799040776496;0,2100220515435236;0,1770285382517422;0,14161605198541805;0,17517373516777623
2,2000000000000006;0,0022000000000000006;0,7738543344673383;0,2200242017746934;0,18108819223379755;0,14802015978253646;0,18033454160608114
2,3000000000000007;0,002300000000000001;0,7723995038869923;0,23002645202785388;0,19250955621763083;0,15441440405792412;0,19063505650529416
2,400000000000001;0,0024000000000000007;0,7710093835667287;0,24002880230411527;0,1965401743903873;0,16078975836204235;0,1957770511235174
2,500000000000001;0,002500000000000001;0,7696786834023962;0,25003125260436576;0,20793394648135868;0,1671561124821761;0,20604144266071933
2,600000000000001;0,002600000000000001;0,7684027360054307;0,2600338029294935;0,211938015435933;0,17350516227618068;0,21116621360618648
2,700000000000001;0,002700000000000001;0,767177402647415;0,2700364532808308;0,2233064824020829;0,17984594224932315;0,22139740845906142
2,800000000000001;0,0028000000000000013;0,7659989963181447;0,28003920365882173;0,22728611223320017;0,18617076835559046;0,2265063079532864
2,9000000000000012;0,002900000000000001;0,7648642182914406;0,2900420540650206;0,23863122720981245;0,19248795052580533;0,23670681359576395
3,0000000000000013;0,0030000000000000014;0,7637701054493053;0,30004500450031557;0,24258823096686247;0,19879034276454072;0,24180100683821426
3,1000000000000014;0,0031000000000000016;0,762713986246545;0,31004805496559484;0,2539116814645149;0,20508563337103414;0,2519729955244393
3,2000000000000015;0,0032000000000000015;0,7616934436689783;0,3200512054617466;0,2578476337079042;0,21136714756006186;0,25705349694829016
3,3000000000000016;0,0033000000000000017;0,760706283893317;0,3300544559901031;0,26915089230605405;0,21764203451307138;0,26719886866177545
3,4000000000000017;0,0034000000000000015;0,7597505096269384;0,34005780655133044;0,2730671732164612;0,22390403549291837;0,27226656938662497
3,5000000000000018;0,003500000000000002;0,7588242973132157;0,3500612571465389;0,28435153612494546;0,23015982770966165;0,282386999951616
3,600000000000002;0,003600000000000002;0,7579259775487404;0,36006480777661665;0,28824936536358714;0,23640352242692625;0,28744268895043557
3,700000000000002;0,003700000000000002;0,7570540181842011;0,37006845844289593;0,29951598227760795;0,24264138025295776;0,2975396674378672
3,800000000000002;0,003800000000000002;0,7562070096793402;0,38007220914626494;0,3033964454117053;0,24886784361986825;0,30258404812109063
3,900000000000002;0,0039000000000000024;0,7553836523605523;0,3900760598873898;0,3146463429869089;0,25508880272455686;0,31265890636701377
4,000000000000002;0,004000000000000002;0,7545827452919988;0,40008001066782484;0,3185104124153003;0,261298998121872;0,31769260976020175
4,100000000000001;0,004100000000000001;0,7538031765211048;0,41008406148801413;0,32974451298114665;0,2675039885311763;0,3277465459757456
4,200000000000001;0,0042000000000000015;0,7530439144996648;0,42008821234928995;0,33359306472045025;0,2736987842758083;0,332770141322849
4,300000000000001;0,004300000000000001;0,7523040005145237;0,43009246325254047;0,3448122013812082;0,27988864571745;0,342804239201111
4,4;0,0044;0,7515825419885416;0,4400968141988759;0,34864602868808264;0,2860688284401316;0,34781824259384475
4,5;0,0045000000000000005;0,7508787065344608;0,4501012651891845;0,3598509576431508;0,29224432285451096;0,3578334869391231
4,6;0,0046;0,7501917166623601;0,46010581622457636;0,3570010481459058;0,29841060847905343;0,362838368409939
4,699999999999999;0,004699999999999999;0,7495208450563403;0,47011046730593975;0,361522591407321;0,30457243032089415;0,372835658046915
4,799999999999999;0,004799999999999999;0,7488654103485183;0,4801152184341628;0,3719988065456171;0,3107254731605825;0,3778318474537601
4,899999999999999;0,004899999999999999;0,7482247733287866;0,49012006961057786;0,3765073292818282;0,31687425795845675;0,3878120059836321
4,999999999999998;0,004999999999999998;0,7475983335375117;0,500125020835851;0,38697093907548086;0,32301465831682113;0,39279989793365444
5,099999999999998;0,005099999999999998;0,7469855261956561;0,5101300721113144;0,3914670211783906;0,3291509898438816;0,4027636827671688
5,1999999999999975;0,005199999999999998;0,7463858194330064;0,5201352234376344;0,40191858220312304;0,3352793004137671;0,4077436407668511
5,299999999999997;0,005299999999999997;0,7457987117804313;0,5301404748161431;0,40640275830094186;0,341403716740464;0,41769175076733056
5,399999999999997;0,005399999999999997;0,74522372989655;0,5401458262475067;0,4168427845098666;0,34752044803123705;0,4226641107460427
5,4999999999999964;0,005499999999999996;0,7446604265029988;0,5501512777330575;0,4213155490476932;0,3536334466696885;0,4325971927391348
5,599999999999996;0,0055999999999999965;0,744108378505745;0,5601568292734616;0,4317445164676056;0,359739071639707;0,43756226605975
5,699999999999996;0,005699999999999996;0,7435671852826792;0,5701624808698291;0,43620632805510473;0,3658411139438197;0,44748092041265286
5,799999999999995;0,005799999999999995;0,7430364671201392;0,5801682325234925;0,44662467881731477;0,37193607197881084;0,4524389964598541
5,899999999999995;0,0058999999999999955;0,7425158637830842;0,5901740842348957;0,45107596397106137;0,37802758693083693;0,4623437818904885
5,999999999999995;0,005999999999999995;0,7420050332054388;0,6001800360053711;0,4614841097906132;0,3841122872786811;0,46729513030664416
6,099999999999994;0,006099999999999994;0,7415036502886904;0,6101860878360288;0,46592526617291974;0,39019367476428335;0,47718656805208814
6,199999999999994;0,006199999999999994;0,7410114057981735;0,620192239727535;0,47632359136744545;0,3962684995183561;0,4821314406808219
6,299999999999994;0,006299999999999994;0,7405280053476644;0,630198491681;0,48075499060361176;0,4023401331740454;0,49201001812583467
6,399999999999993;0,006399999999999993;0,7400531684639384;0,6402048436977559;0,4911438547255297;0,4084054398741632;0,4969486507091858
6,499999999999993;0,006499999999999993;0,7395866277238515;0,6502112957782469;0,49556584486594274;0,4144676695764809;0,5068148245623871
6,5999999999999925;0,006599999999999993;0,7391281279573015;0,6602178479238052;0,5059455850079904;0,4205237934878402;0,5117474382270282
6,699999999999992;0,006699999999999992;0,7386774255101242;0,6702245001355411;0,5103584926893426;0,42657694753622544;0,5216016373122456
6,799999999999992;0,006799999999999992;0,7382342875615963;0,6802312524143428;0,5207294255125955;0,432624203656497;0,5265284398799852
6,8999999999999915;0,006899999999999991;0,7377984914917599;0,6902381047608763;0,5251335578628143;0,4386685906965841;0,5363710675968925
6,999999999999991;0,0069999999999999915;0,73736982429427;0,700245057176696;0,5354959813877308;0,4447072755268369;0,5412922547426091
7,099999999999991;0,007099999999999991;0,7369480820308869;0,7102521096624681;0,5398916277115244;0,45074318625353277;0,5511236912487627
7,19999999999999;0,00719999999999999;0,7365330693241204;0,7202592622193027;0,5502458229056469;0,45677357937029806;0,5560394475270858
7,29999999999999;0,0072999999999999905;0,7361245988848678;0,730266514848088;0,554633256181362;0,46280128803744636;0,5658600516760304
7,39999999999999;0,00739999999999999;0,7357224910721876;0,7402738675499343;0,5649794883717404;0,4688236534909691;0,5707705514364037
7,499999999999989;0,007499999999999989;0,7353265734826226;0,7502813203257297;0,5693589665852206;0,47484341925808127;0,580580662505179
7,599999999999989;0,00759999999999999;0,735480064823946;0,7602888731765844;0,5797065433407369;0,4808580068208041;0,5854860707094867
7,699999999999989;0,007699999999999989;0,7350960375278516;0,7702965261033867;0,5841145381062679;0,48687007495593343;0,5952860099464097
7,799999999999988;0,007799999999999988;0,7347177229580144;0,7803042791074688;0,5944854381451377;0,4928771212408611;0,6001864829006642
7,899999999999988;0,007899999999999989;0,7343449740672646;0,7903121321894968;0,5988895811231849;0,4988817241993284;0,6099765549128033
7,999999999999988;0,007999999999999988;0,7339776493606273;0,8003200853503589;0,609253236536144;0,5048814536637797;0,6148722409243712
8,099999999999987;0,008099999999999987;0,7336156126194142;0,8103281385913874;0,6136283833220328;0,510878812057465;0,624652734927027
8,199999999999987;0,008199999999999987;0,7332587326422423;0,8203362919134705;0,6239813843054586;0,5168714379091145;0,6295437748991306
8,299999999999986;0,008299999999999986;0,7329068830017487;0,8303445453177183;0,6283603551448845;0,5228617613814524;0,6393149658424813
8,399999999999986;0,008399999999999986;0,7325599418158767;0,840352898804797;0,6387174025376126;0,528847486394306;0,6442014938085716
8,499999999999986;0,008499999999999987;0,7322177915326942;0,8503613523758169;0,6431040232977436;0,5348309744098727;0,6539636433975771
8,599999999999985;0,008599999999999986;0,7318803187277982;0,8603699060321102;0,6534254414231886;0,5408099916651652;0,6588457870081577
8,699999999999985;0,008699999999999986;0,7315474139134289;0,870378559774343;0,6577981539633183;0,546786834227137;0,6685991446278061
8,799999999999985;0,008799999999999985;0,7312189713584955;0,8803873136036255;0,6681167469870537;0,5527593277842401;0,673477025589686
8,899999999999984;0,008899999999999984;0,7308948889187665;0,8903961675210681;0,6724829810600393;0,5587297060840346;0,6832218291457481
8,999999999999984;0,008999999999999984;0,7305750678765517;0,9004051215273368;0,6827844230470851;0,5646958515920681;0,6880955636236852
9,099999999999984;0,009099999999999983;0,7302594127892383;0,9104141756237638;0,6871298460887284;0,5706599386018747;0,6978320403084881
9,199999999999983;0,009199999999999984;0,7299478313461069;0,9204233298112374;0,6974215551003832;0,5766199038568199;0,7027017392914381
9,299999999999983;0,009299999999999984;0,7296402342328853;0,9304325840906458;0,7017499563893884;0,5825778648704107;0,7124301062832128
9,399999999999983;0,009399999999999983;0,7293365350035489;0,9404419384630991;0,7120357191626291;0,5885318103235859;0,7172958759185333
9,499999999999982;0,009499999999999982;0,7290366499589009;0,9504513929297076;0,716350880831413;0,5944838034504736;0,7270163410218222
9,599999999999982;0,009599999999999982;0,7287404980315135;0,9604609474913595;0,7266308512906173;0,6004318826752046;0,7318782829205528
9,699999999999982;0,009699999999999981;0,728448000676628;0,9704706021491649;0,7309401759036547;0,6063780592929287;0,7415910451523411
9,799999999999981;0,00979999999999998;0,7281590817686521;0,9804803569037901;0,7412145017047306;0,612320419411283;0,746449256670858
9,89999999999998;0,009899999999999982;0,7278736675029105;0,9904902117565673;0,745518133822924;0,6182609245808881;0,7561545067992226
9,99999999999998;0,009999999999999981;0,7275916863023335;1,0005001667083846;0,7557869565313494;0,6241977066571225;0,7576723962804666
10,09999999999998;0,01;0,7273130687287875;1,0005001667083846;0,7576505933363415;0,6224069876663637;0,7556478242317421
10,19999999999998;0,01;0,7270377473987745;1,0005001667083846;0,7561853167214435;0,6210685633813371;0,7547956668239308
10,29999999999998;0,01;0,7267656569032422;1,0005001667083846;0,7549304491649118;0,6198420746462767;0,7532645532912774
10,399999999999979;0,01;0,7264967337312723;1,0005001667083846;0,7538022683441971;0,6187633620203499;0,7525662343985928
10,499999999999979;0,01;0,7262309161974144;1,0005001667083846;0,7527647144130167;0,6177395158931318;0,7512595634369124
10,599999999999978;0,01;0,7259681443724697;1,0005001667083846;0,7517974934888533;0,6168026100961885;0,7506494249185369
10,699999999999978;0,01;0,7257083600175198;1,0005001667083846;0,750887563015125;0,6159015754713979;0,7494876920171212
10,799999999999978;0,01;0,7254515065210276;1,0005001667083846;0,7500258293314971;0,615061454268896;0,7489389078933417
10,899999999999977;0,01;0,7251975288388348;1,0005001667083846;0,7492055899699172;0,6142477260598322;0,747883364058044
10,999999999999977;0,01;0,7249463734368999;1,0005001667083846;0,7484217010811745;0,6134804853025924;0,7473812699164917
11,099999999999977;0,01;0,7246979882366282;1,0005001667083846;0,7476700915302912;0,6127339653235729;0,7464089306109845
11,199999999999976;0,01;0,7244523225626512;1,0005001667083846;0,7469474600733881;0,6120247784740598;0,7459442772335922
12,199999999999976;0,01;0,7221350008256013;1,0005001667083846;0,7408728651935065;0,6060085641384789;0,7399872934453988
12,299999999999976;0,01;0,7219162608191042;1,0005001667083846;0,7403520925936187;0,6054898293843733;0,7393040310593513
13,299999999999976;0,01;0,7198444081266122;1,0005001667083846;0,7357315478131999;0,6009013734570545;0,7347783390437979
13,399999999999975;0,01;0,7196480593790933;1,0005001667083846;0,7353185913283085;0,600492174869557;0,7345096457175782
14,399999999999975;0,01;0,7177818452824205;1,0005001667083846;0,7315638275128514;0,5967578254922794;0,7307963106486337
14,499999999999975;0,01;0,7176043908969497;1,0005001667083846;0,7312211229092357;0,5964159557426794;0,7303426969543203
15,499999999999975;0,01;0,715912781018187;1,0005001667083846;0,7280594004963021;0,5932690223370513;0,7272255567824182
15,599999999999975;0,01;0,7157514679915323;1,0005001667083846;0,727767021479647;0,5929785591123508;0,7270351962512756
16,599999999999973;0,01;0,7142098152136035;1,0005001667083846;0,7250428686905781;0,5902654331078814;0,7243335353066627
16,699999999999974;0,01;0,7140624378121854;1,0005001667083846;0,7247886533632446;0,5900116875550334;0,7239954780331992
17,699999999999974;0,01;0,7126508453126545;1,0005001667083846;0,7224029600045053;0,5876347510528143;0,721636462537667
17,799999999999976;0,01;0,7125156093761595;1,0005001667083846;0,7221788218489346;0,5874117973767443;0,7214907671399295
18,799999999999976;0,01;0,7112177865301651;1,0005001667083846;0,7200637177858614;0,5853036982845647;0,7193900056320501
18,899999999999977;0,01;0,7110932133696087;1,0005001667083846;0,7198639571439743;0,5851042413940506;0,7191234329674678
19,899999999999977;0,01;0,7098956565255118;1,0005001667083846;0,7179705684859077;0,5832166886884687;0,7172479497228679
19,99999999999998;0,01;0,7097805133165885;1,0005001667083846;0,7177909933795399;0,5830379228695457;0,7171315310543491
20,99999999999998;0,01;0,708671906675113;1,0005001667083846;0,7160827809259068;0,5813345731152773;0,7154441720832061
21,09999999999998;0,01;0,7085651550393767;1,0005001667083846;0,7159202061489719;0,5811722111767952;0,715226560770077
22,09999999999998;0,01;0,707535924281562;1,0005001667083846;0,7143690439335281;0,5796252231956338;0,7137172550797466
22,19999999999998;0,01;0,7074366816359486;1,0005001667083846;0,714220985935581;0,5794777536623015;0,713621589962905
23,19999999999998;0,01;0,7064786558286525;1,0005001667083846;0,7128047112535819;0,5780650520431789;0,7122525236565735
23,299999999999983;0,01;0,7063861658787284;1,0005001667083846;0,7126691924128249;0,5779296904635027;0,7120778517245085
24,299999999999983;0,01;0,7054923175947061;1,0005001667083846;0,7113700020048763;0,5766336311806112;0,7108427063888101
24,399999999999984;0,01;0,7054059274932187;1,0005001667083846;0,7112454197702004;0,5765094955998848;0,7107661468953275
25,399999999999984;0,01;0,7038962133536079;1,0005001667083846;0,7100241667729339;0,5753155876393928;0,7096026370257924
25,499999999999986;0,01;0,7038138772419568;1,0005001667083846;0,7099046850940295;0,5752007447073264;0,7094518033484221
26,499999999999986;0,01;0,7030309064830981;1,0005001667083846;0,7087556466574386;0,574097056094748;0,7083626654812747
26,599999999999987;0,01;0,7033784413657622;1,0005001667083846;0,7086374563132725;0,5739909631650864;0,7082964020236382
27,599999999999987;0,01;0,7026436065406181;1,0005001667083846;0,7075638457434426;0,5729674411994885;0,7072846041660696
27,69999999999999;0,01;0,7025691816943698;1,0005001667083846;0,7074694215874774;0,572868689944394;0,7071549997907667
28,69999999999999;0,01;0,7018783844127199;1,0005001667083846;0,7064679535829904;0,5719168719107042;0,7062167102489525
28,79999999999999;0,01;0,7018081911877283;1,0005001667083846;0,7063808682631315;0,5718251161707204;0,7061599238592464
29,79999999999999;0,01;0,7011578020036823;1,0005001667083846;0,7054438046996896;0,5709377326374533;0,7052838262126215
29,89999999999999;0,01;0,7010914983741121;1,0005001667083846;0,7053480279509622;0,5708519087690029;0,7051712720754821
30,89999999999999;0,01;0,7004782887292791;1,0005001667083846;0,7044695543619688;0,5700227341624843;0,7043476216467326
30,999999999999993;0,01;0,7000124008083712;1,0005001667083846;0,704399638544284;0,5699426159449298;0,7042922079650182
31,999999999999993;0,01;0,6994334868677194;1,0005001667083846;0,7035768635223398;0,5691662201930636;0,7035050122039621
32,099999999999994;0,01;0,6993757127228223;1,0005001667083846;0,7034776998322847;0,5690909812986502;0,7033938053464439
33,099999999999994;0,01;0,6988285086939582;1,0005001667083846;0,7027057071829417;0,5683626498479102;0,7026377882479196
33,199999999999996;0,01;0,6987737917547843;1,0005001667083846;0,7026455675571435;0,5682921402550813;0,702592362611334
34,199999999999996;0,01;0,6982559708322384;1,0005001667083846;0,701911985539869;0,5676077098075185;0,7018642379775741
34,3;0,01;0,6982040912763018;1,0005001667083846;0,7018163679728237;0,5675412728417379;0,7017646685021717
35,3;0,01;0,6977135527638653;1,0005001667083846;0,7011367695055619;0,5668970878996704;0,7011002299575964
36,3;0,01;0,697246160834061;1,0005001667083846;0,700525322880649;0,5662866533522458;0,7004919549871502
37,3;0,01;0,6968004753762838;1,0005001667083846;0,6999452793865137;0,5657075496594026;0,6999148584197101
38,3;0,01;0,6963751741090877;1,0005001667083846;0,6993944459541311;0,5651575906881297;0,6993667685761196
39,3;0,01;0,6959690403616435;1,0005001667083846;0,698870834953669;0,5646347948936801;0,6988457166135476
40,3;0,01;0,695580952392014;1,0005001667083846;0,6983726395801819;0,5641373608322133;0,6983499122956971
41,3;0,01;0,6952098740161319;1,0005001667083846;0,6979035885778496;0,5636636462422238;0,6978804111744097
42,3;0,01;0,6948548463592511;1,0005001667083846;0,6974539574239175;0,5632121500851133;0,6974273452596336
43,3;0,01;0,6945149805724371;1,0005001667083846;0,6970252108413016;0,5627814970539919;0,6969950347051679
44,3;0,01;0,6941894513818333;1,0005001667083846;0,6966160824820696;0,5623704241527241;0,6965822235578045
45,3;0,01;0,6938774913591166;1,0005001667083846;0,6962254069804652;0,5619777690204479;0,6961877557794338
46,3;0,01;0,6935783858186128;1,0005001667083846;0,6958521097126288;0,5616024597350114;0,6958105651380819
47,3;0,01;0,6932914682606893;1,0005001667083846;0,6954951978216298;0,5612435058752552;0,6954496663482246
48,3;0,01;0,6930161162928181;1,0005001667083846;0,6951537523240927;0,5608999906595042;0,6951041472754227
49,3;0,01;0,692751747969543;1,0005001667083846;0,6948269211451835;0,5605710640079475;0,6947731620543252
50,3;0,01;0,6921244940734947;1,0005001667083846;0,6945051620988164;0,5602559364012252;0,694443430810594
51,3;0,01;0,69188048541661;1,0005001667083846;0,6941416863874533;0,559953873427753;0,694079862408401
52,3;0,01;0,6916459266542889;1,0005001667083846;0,6937922071478606;0,5596641909289146;0,6937343174890032
53,3;0,01;0,6914203676979942;1,0005001667083846;0,6934544827204527;0,5593862506649776;0,6934004675172645
54,3;0,01;0,6912033853544542;1,0005001667083846;0,693127915707295;0,5591194564360047;0,6930777190266468
55,3;0,01;0,690994576873245;1,0005001667083846;0,6928119471883625;0,5588632506015258;0,6927655166968805
56,3;0,01;0,6907935760378302;1,0005001667083846;0,6925060538718946;0,558617110950708;0,6924633405547809
57,3;0,01;0,690600024496635;1,0005001667083846;0,6922097454631487;0,5583805478814698;0,6921707033825442
58,3;0,01;0,6904135883549511;1,0005001667083846;0,6919225615737642;0,5581531018526107;0,6918871475957644
59,3;0,01;0,6902339522389038;1,0005001667083846;0,6916440696200928;0,5579343410778486;0,6916122432137684
60,3;0,01;0,6900608158005453;1,0005001667083846;0,6913813765945913;0,5577238594347043;0,6913580923773566
61,3;0,01;0,6898939015096281;1,0005001667083846;0,6911785488167097;0,5575212745646587;0,6911560155727159
62,3;0,01;0,6897329400796532;1,0005001667083846;0,690983268766209;0,5573262261439684;0,6909614524027319
63,3;0,01;0,6895776785379013;1,0005001667083846;0,690795195925126;0,5571383743070857;0,6907740642651561
64,3;0,01;0,6894278770443504;1,0005001667083846;0,6906140088347247;0,5569573982068146;0,6905935314919276
65,3;0,01;0,6892833036031659;1,0005001667083846;0,6904394037669611;0,5567829946972368;0,6904195520377243
66,3;0,01;0,6891437512016875;1,0005001667083846;0,6902710935882824;0,5566148771270694;0,6902518402760904
67,3;0,01;0,6890090100867609;1,0005001667083846;0,6901088064989394;0,5564527742325567;0,6900901259051295
68,3;0,01;0,688878885210783;1,0005001667083846;0,6899522851636897;0,5562964291202191;0,6899341529275915
69,3;0,01;0,688753191068787;1,0005001667083846;0,6898012856971953;0,5561455983308732;0,6897836787267408
70,3;0,01;0,688631748904465;1,0005001667083846;0,6896555768069712;0,5560000509772722;0,6896384732036864
71,3;0,01;0,6885143951384348;1,0005001667083846;0,6895149390326887;0,5558595679485592;0,6894983179871872
72,3;0,01;0,688400967373159;1,0005001667083846;0,6893791639342683;0,5557239411754198;0,6893630057020772
73,3;0,01;0,6882913129902172;1,0005001667083846;0,6892480534859441;0,5555929729505051;0,6892323392952449
74,3;0,01;0,6881852864501375;1,0005001667083846;0,6891214194074474;0,5554664752992138;0,6891061314055236
75,3;0,01;0,6880827444431533;1,0005001667083846;0,6889990825721333;0,5553442693964525;0,6889842037856653
76,3;0,01;0,6879835634299544;1,0005001667083846;0,6888808725386932;0,5552261850254147;0,6888663867645306
77,3;0,01;0,6878876122859688;1,0005001667083846;0,6887666268970247;0,5551120600748278;0,6887525187426036
78,3;0,01;0,6877947700848155;1,0005001667083846;0,6886561909506402;0,5550017400714362;0,6886424457326257
79,3;0,01;0,6877049212451671;1,0005001667083846;0,6885494172046126;0,5548950777448346;0,6885360209204094
80,3;0,01;0,6876179530215325;1,0005001667083846;0,6884461649669812;0,5547919326220101;0,6884331042670055
81,3;0,01;0,6875337641945786;1,0005001667083846;0,6883463000068593;0,5546921706492096;0,6883335621245834
82,3;0,01;0,6874522513174901;1,0005001667083846;0,6882496941256468;0,5545956638389723;0,6882372668925996
83,3;0,01;0,6873733175359322;1,0005001667083846;0,6881562249020178;0,5545022899403624;0,68814409668704
84,3;0,01;0,6872968700934949;1,0005001667083846;0,6880657753449598;0,5544119321306029;0,6880539350296999
85,3;0,01;0,6872228156724923;1,0005001667083846;0,687978233597453;0,5543244787264907;0,6879666705670218
86,3;0,01;0,6871510781105449;1,0005001667083846;0,6878934927399109;0,5542398229140972;0,687882196794618
87,3;0,01;0,6870815712076995;1,0005001667083846;0,6878114503861765;0,5541578624953971;0,687800411810997
88,3;0,01;0,6870142166608356;1,0005001667083846;0,6877320085964163;0,5540784996505843;0,6877212180759074
89,3;0,01;0,6869489393505905;1,0005001667083846;0,6876550735776981;0,5540016407149362;0,6876445221911354
90,3;0,01;0,6868856649622197;1,0005001667083846;0,6875805554817671;0,5539271959691761;0,6875702346900425
91,3;0,01;0,6868243287968295;1,0005001667083846;0,6875083682446956;0,5538550794423901;0,6874982698422372
92,3;0,01;0,6867648621302248;1,0005001667083846;0,6874384293260909;0,55378520872661;0,6874285454676254
93,3;0,01;0,6867072011376081;1,0005001667083846;0,6873706596097038;0,5537175048022516;0,6873609827653837
94,3;0,01;0,6866512844966252;1,0005001667083846;0,6873049832007647;0,5536518918736741;0,6872955061466968
95,3;0,01;0,6865970488191911;1,0005001667083846;0,6872413272635773;0,5535882972141672;0,6872320430811385
96,3;0,01;0,686544446453029;1,0005001667083846;0,6871796219493556;0,5535266510197354;0,6871705239542791
97,3;0,01;0,6864934183681465;1,0005001667083846;0,6871198001078789;0,5534668862711027;0,6871108819258609
98,3;0,01;0,6864439121654163;1,0005001667083846;0,6870617973080055;0,5534089386033862;0,6870530527997687
99,3;0,01;0,6863958774328919;1,0005001667083846;0,6870055516384916;0,553352746182953;0,6869969749088511
100,3;0,01;0,6863492634316172;1,0005001667083846;0,6869510035991844;0,5532982495909913;0,6869425889864544
101,3;0,01;0,6863040279677054;1,0005001667083846;0,6868980960278279;0,5532453917133733;0,6868898380689359
102,3;0,01;0,6862601238082171;1,0005001667083846;0,6868467739206285;0,5531941176364091;0,686838667384535
103,3;0,01;0,6862175076593562;1,0005001667083846;0,6867969844088823;0,5531443745481306;0,6867890242561714
104,3;0,01;0,6861761378197283;1,0005001667083846;0,6867486766273715;0,5530961116447577;0,6867408580122003
105,3;0,01;0,6861359696593223;1,0005001667083846;0,6867018016184612;0,5530492800420361;0,6866941198882159
106,3;0,01;0,6860969734653688;1,0005001667083846;0,6866563123221917;0,5530038326911457;0,6866487629579865
107,3;0,01;0,6860591073704885;1,0005001667083846;0,6866121633462712;0,5529597242989134;0,6866047420392363
108,3;0,01;0,6860223354004851;1,0005001667083846;0,6865693110412837;0,5529169112520653;0,6865620136277073
109,3;0,01;0,685986622867573;1,0005001667083846;0,6865277133528151;0,5528753515452893;0,6865205358241155
110,3;0,009850000000000001;0,6859519340909616;0,9854852718178542;0,6778537819245456;0,5417594990221035;0,6704885599867794
110,39999999999999;0,009800000000000005;0,6859485206174823;0,9804803569037901;0,6721599892075985;0,5382533542138731;0,6677155241818866
110,49999999999999;0,009750000000000007;0,6859451170485483;0,975475467014153;0,6694914220136772;0,5347755643385217;0,6622130622558586
110,59999999999998;0,00970000000000001;0,6859417233526383;0,9704706021491649;0,6638736177373067;0,5313430442470408;0,6594859451554669
110,69999999999997;0,009650000000000013;0,6859383394983438;0,9654657623081597;0,6612697482807465;0,527929360063007;0,6540595171304631
110,79999999999997;0,009600000000000017;0,6859349654543686;0,9604609474913595;0,6557110116538923;0,5245478914361916;0,6513648641259806
110,89999999999996;0,009550000000000019;0,6859316011895282;0,9554561576985421;0,6531582516370825;0,5211804993340683;0,6459950157093886
110,99999999999996;0,009500000000000022;0,685928246672749;0,9504513929297076;0,6476410752835204;0,5178380707441281;0,6433254549222056
111,09999999999995;0,009450000000000024;0,6859249018730684;0,945446653184634;0,6451252091193944;0,5145068631672784;0,6380006172858543
111,19999999999995;0,009400000000000026;0,6859215667596343;0,9404419384630991;0,6396412417717553;0,5111960044217614;0,6353514860995801
111,29999999999994;0,00935000000000003;0,6859182413017044;0,9354372487653251;0,6371555112595476;0,5078944631204865;0,6300639805340325
111,39999999999993;0,009300000000000032;0,6859149254686456;0,9304325840906458;0,6316991698407288;0,5046100760935601;0,6274320615307261
111,49999999999993;0,009250000000000036;0,6859116192299339;0,9254279444392832;0,629238884024233;0,5013336469126588;0,6221764170574318
111,59999999999992;0,009200000000000038;0,6859083225551542;0,9204233298112374;0,623806171112193;0,4980720295265287;0,6195593554726031
111,69999999999992;0,009150000000000042;0,6859050354139989;0,9154187402060643;0,6213678825254425;0,4948173503723057;0,6143314754471874
111,79999999999991;0,009100000000000044;0,6859017577762685;0,9104141756237638;0,6159557941963696;0,49157569187810884;0,6117274729524524
111,8999999999999;0,009050000000000048;0,6858984896118705;0,905409636064336;0,613536861890012;0,48834017865958657;0,6065241746352967
111,9999999999999;0,00900000000000005;0,6858952308908195;0,9004051215273368;0,6081430580339623;0,4851162722035156;0,6039318128256355
112,0999999999999;0,008950000000000053;0,6858919815832359;0,8954006320129881;0,6057413940422463;0,4818978767279262;0,5987505521137848
112,19999999999989;0,008900000000000055;0,6858887416593468;0,8903961675210681;0,6003640001278537;0,4786899435732319;0,5961686835776447
112,29999999999988;0,00885000000000006;0,6858855110894839;0,8853917280513546;0,5979779121932239;0,47548700249424974;0,5910073802607485
112,39999999999988;0,008800000000000061;0,6858822898440847;0,8803873136036255;0,5926153928665852;0,47229357845747055;0,5884350576788222
112,49999999999987;0,008750000000000063;0,6858790778936912;0,875382924178103;0,5902434816741912;0,46910471413539834;0,5832919791613733
112,59999999999987;0,008700000000000067;0,6858758752089492;0,870378559774343;0,5848945563398799;0,4659245729411961;0,58072840716207
112,69999999999986;0,008650000000000069;0,6858726817606086;0,8653742203923454;0,5825356455181104;0,4627486256724981;0,5756020880635049
112,79999999999986;0,008600000000000073;0,6858694975195229;0,8603699060321102;0,5771992298012671;0,45958072534530814;0,5730465893913106
112,89999999999985;0,008550000000000075;0,6858663224566482;0,8553656166934154;0,5748523165880347;0,45641670546149277;0,5679357741715307
112,99999999999984;0,008500000000000079;0,6858631565430435;0,8503613523760389;0,5695274804615615;0,45326014970279016;0,5653877652063954
113,09999999999984;0,00845000000000008;0,6858599997498693;0,8453571130797588;0,5671916999314349;0,4501072027508526;0,5602913661331854
113,19999999999983;0,008400000000000084;0,6858568520483886;0,840352898804797;0,5618776369698907;0,44696121240659403;0,5577503387341665
113,29999999999983;0,008350000000000087;0,6858537134099653;0,8353487095507095;0,5595522354607168;0,4438185932323583;0,5526674043669288
113,39999999999982;0,00830000000000009;0,685850583806064;0,8303445453177183;0,5542482397542267;0,4406824847560661;0,5501329121412368
113,49999999999982;0,008250000000000092;0,6858474632082504;0,8253404061051572;0,5519325547138403;0,4375495378127138;0,5450626032593675
113,59999999999981;0,008200000000000096;0,6858443515881897;0,8203362919134705;0,5466380031957664;0,4344227067040167;0,5425342509475684
113,6999999999998;0,008150000000000098;0,6858412489176472;0,8153322027422139;0,5443314476198935;0,43129885082474645;0,537475821814013
113,7999999999998;0,0081000000000001;0,6858381551684872;0,8103281385913874;0,5390457863088419;0,42818075868518435;0,5349532570093629
113,89999999999979;0,008050000000000104;0,6858350703126732;0,8053240994607691;0,5367478365329278;0,4250654751204182;0,5299060406011336
113,99999999999979;0,008000000000000108;0,6858319943222666;0,8003200853503589;0,531470569661976;0,42195563938922914;0,527388947134142
114,09999999999978;0,00795000000000011;0,6858289271694279;0,7953160962599348;0,5291807556494126;0,4188484622798914;0,5223523433257071
114,19999999999978;0,007900000000000112;0,6858258688264143;0,7903121321894968;0,5239114369627784;0,41574644799061294;0,5198404359629194
114,29999999999977;0,007850000000000116;0,685822819265581;0,7853081931386008;0,5216293344823486;0,4126469566857944;0,5148139019580356
114,39999999999976;0,007800000000000118;0,6858197784593798;0,7803042791074688;0,5163675601848692;0,4095523697694137;0,5123069220837806
114,49999999999976;0,007750000000000121;0,6858167463803589;0,7753003900958788;0,5140927844392538;0,40646018256400607;0,5072899645931273
114,59999999999975;0,007700000000000123;0,6858137230011633;0,7702965261033867;0,5088381874240492;0,4033726643525584;0,5047876766545301
114,69999999999975;0,007650000000000127;0,6858107082945331;0,7652926871304366;0,5065703878077954;0,4002874333295093;0,49977984543332354
114,79999999999974;0,007600000000000129;0,6858077022333041;0,7602888731765844;0,5013226328849789;0,3972066560028651;0,4972820339963846
114,89999999999974;0,007550000000000132;0,6858047047904069;0,7552850842416081;0,4990614886322453;0,39412806274850715;0,4922829164614484
114,99999999999973;0,007500000000000135;0,6858017103354855;0,7502813203257297;0,49382026853198857;0,39105372552851375;0,489789383743755
115,09999999999972;0,007450000000000138;0,68579873117884;0,7452775814285051;0,49156548507678066;0,3879814775431612;0,48479860044693623
115,19999999999972;0,007400000000000141;0,6857957594391874;0,7402738675499343;0,48633051718064546;0,3849133034903689;0,48230916424572
115,29999999999971;0,007350000000000144;0,6857927962105108;0,7352701786897953;0,4840818230679811;0,38184713115750296;0,4773263650523063
115,39999999999971;0,007300000000000147;0,6857898414662107;0,730266514848088;0,4788528464662901;0,37878486445444937;0,4748408569713547
115,4999999999997;0,0072500000000001496;0,68578689517978;0,7252628760245905;0,47660999076414057;0,37572451846581784;0,46986571780365693
115,5999999999997;0,0072000000000001525;0,6857839573248039;0,7202592622193027;0,47138676391872325;0,3726679220976688;0,46738398175094176
115,69999999999969;0,0071500000000001545;0,6857810278749599;0,7152556734317805;0,4691495139709314;0,36961317125002235;0,4624162017863398
115,79999999999968;0,007100000000000158;0,6857781068040169;0,7102521096624681;0,46393181262799443;0,3665620250129512;0,4599380926788399
115,89999999999968;0,00705000000000016;0,6857751940858353;0,7052485709106993;0,46169995213851867;0,3635126543131221;0,4549773919531219
115,99999999999967;0,007000000000000164;0,6857722896943667;0,700245057176696;0,45648756756355074;0,360466753094157;0,45250277459402355
116,09999999999967;0,006950000000000166;0,6857693936036525;0,6952415684602364;0,45426089493284727;0,3574225621187576;0,44754889190727454
116,19999999999966;0,00690000000000017;0,6857665057878249;0,6902381047608763;0,4490536322893682;0,35438171440289806;0,4450776400155121
116,29999999999966;0,006850000000000172;0,6857636262211061;0,6852346660790598;0,44683195918677054;0,35134251587247944;0,44013033111582445
116,39999999999965;0,006800000000000175;0,6857607548778072;0,6802312524143428;0,44162963630110796;0,3483065424407944;0,4376623264752766
116,49999999999964;0,006750000000000178;0,685757891732329;0,6752278637665032;0,43941278638243425;0,345272160974296;0,4327213624763715
116,59999999999964;0,006700000000000181;0,6857550367591609;0,6702245001355411;0,4342152324895548;0,3422408937614606;0,43025649418794387
116,69999999999963;0,0066500000000001835;0,6857521899328808;0,6652211615214565;0,4320030403069293;0,3392111647834952;0,42532166016002293
116,79999999999963;0,0066000000000001864;0,6857493512281545;0,6602178479240273;0,42681009503244355;0,3361844458747116;0,4228598239971859
116,89999999999962;0,006550000000000189;0,6857465206197358;0,6552145593428094;0,4246024050570793;0,33315921465144155;0,4179309177445134
116,99999999999962;0,006500000000000191;0,685743698082466;0,6502112957782469;0,41941391750223994;0,3301368953943755;0,4154720155550251
117,09999999999961;0,006450000000000195;0,6857408835912732;0,6452080572298957;0,4172105832635907;0,32711601618271036;0,4105488465198448
117,1999999999996;0,006400000000000197;0,6857380771211721;0,6402048436977559;0,41202641119464956;0,32409795640118305;0,4080927857323502
117,2999999999996;0,006350000000000201;0,6857352786472644;0,6352016551813833;0,40982729451636074;0,32108129169090255;0,40317517402286285
117,3999999999996;0,006300000000000203;0,6857324881447371;0,630198491681;0,4046473036438128;0,3180673589844662;0,40072186716969327
117,49999999999959;0,006250000000000207;0,6857297055888634;0,6251953531963839;0,40245227396323563;0,31505477882552124;0,39580964270044205
117,59999999999958;0,006200000000000209;0,6857269309550019;0,620192239727535;0,39727633729882844;0,3120448479448118;0,39335900702269555
117,69999999999958;0,006150000000000212;0,6857241642185958;0,6151891512740093;0,39508527105897934;0,30903622934407904;0,38845200873183217
117,79999999999957;0,006100000000000215;0,6857214053551733;0,6101860878360288;0,3899132683402777;0,3060301816302986;0,3860039658042069
117,89999999999957;0,0060500000000002175;0,6857186543403472;0,6051830494131494;0,38772604844484915;0,30302540801210565;0,38110204096909683
117,99999999999956;0,0060000000000002204;0,685715911149814;0,6001800360053711;0,38255786561870553;0,3000231308944174;0,3786565163741784
118,09999999999955;0,005950000000000223;0,6857131757593539;0,5951770476126939;0,3803743809421599;0,29702209161479953;0,3737595199758914
118,19999999999955;0,005900000000000226;0,6857104481448305;0,5901740842348957;0,37520990969974033;0,2940234781576418;0,37131644300558264
118,29999999999954;0,005850000000000229;0,6857077282821906;0,5851711458717546;0,37303005464570776;0,29102606806634906;0,36642423717012207
118,39999999999954;0,005800000000000232;0,6857050161474638;0,5801682325234925;0,3678691920028044;0,2880310165597316;0,3639835405599001
118,49999999999953;0,005750000000000235;0,685702311716762;0,5751653441894433;0,3656928661049596;0,28503713560484106;0,3590959940473226
118,59999999999953;0,005700000000000238;0,685699614966279;0,5701624808698291;0,3605355140221963;0,28204554919364405;0,3566576137292543
118,69999999999952;0,00565000000000024;0,6856969258722907;0,5651596425646499;0,35836262158264004;0,2790551020629158;0,35177460146996964
118,79999999999951;0,005600000000000243;0,6856942444111543;0,5601568292734616;0,35320868662095045;0,27606688841142885;0,3493384763554275
118,89999999999951;0,005550000000000246;0,6856915705593082;0,5551540409962641;0,3510391363817851;0,2730797842057844;0,3444598790255782
118,9999999999995;0,005500000000000249;0,6856889042932713;0,5501512777330575;0,3458885293891558;0,270094855191084;0,3420259508017409
119,0999999999995;0,0054500000000002515;0,6856862455896435;0,5451485394833977;0,3437222342335299;0,267111007128879;0,33715165445002526
119,19999999999949;0,005400000000000254;0,6856835944251047;0,5401458262475067;0,3385748700595415;0,2641292785618275;0,3347198673978369
119,29999999999949;0,005350000000000257;0,6856809507764143;0,5351431380251626;0,33641174673893515;0,26114860370805126;0,3298497630800057
119,39999999999948;0,00530000000000026;0,6856783146204122;0,5301404748161431;0,3312675439740852;0,2581699950787637;0,32742006390975575
119,49999999999947;0,005250000000000263;0,6856756859340163;0,5251378366204484;0,32910751285901685;0,2551924140970705;0,32255404738350535
119,59999999999947;0,005200000000000266;0,6856730646942246;0,5201352234376344;0,3239663935961952;0,2522168483412536;0,3201263850712621
119,69999999999946;0,005150000000000269;0,6856704508781131;0,5151326352681451;0,3218093784478833;0,24924228526783504;0,31526435649595896
119,79999999999946;0,005100000000000272;0,6856678444628362;0,5101300721113144;0,31667126806368856;0,24626968855326337;0,31283868215524535
119,89999999999945;0,005050000000000275;0,6856652454256269;0,5051275339673644;0,31451719582452287;0,24329807058844027;0,3079805458185092
119,99999999999945;0,005000000000000277;0,6856626503817661;0,500125020836073;0,30938202276720017;0,2403283721177732;0,3072243086066351
120,09999999999944;0,005;0,6856600671582466;0,500125020835851;0,30723082337190805;0,24122051545753714;0,3082282203811815
120,19999999999943;0,005;0,6856574901242704;0,500125020835851;0,3079603847722734;0,24188662698250218;0,3086564157582927
120,29999999999943;0,005;0,6856549203780554;0,500125020835851;0,30858479386981896;0,24249679615654712;0,3094137302021238
120,39999999999942;0,005;0,68565235789722;0,500125020835851;0,3091458920767019;0,24303311965540664;0,30976504153557016
120,49999999999942;0,005;0,685649802659459;0,500125020835851;0,30966170086285366;0,24354202273105657;0,31041020295404564
120,59999999999941;0,005;0,6856472546425425;0,500125020835851;0,31014236278485124;0,2440074839737087;0,3107174453640482
120,6999999999994;0,005;0,6856447138243168;0,500125020835851;0,3105943961421052;0,244455018634872;0,3112901879239871
120,7999999999994;0,005;0,6856421801827035;0,500125020835851;0,31102234599814804;0,24487211910471557;0,3115667692092927
120,8999999999994;0,005;0,6856396536956993;0,500125020835851;0,3114295620648633;0,24527603033912188;0,31208645886735553
120,99999999999939;0,005;0,6856371343413755;0,500125020835851;0,31181861540340333;0,24565671723468013;0,31233970864349203
121,09999999999938;0,005;0,6856346220978778;0,500125020835851;0,31219154061684595;0,24602705004675612;0,3128178327310138
121,19999999999938;0,005;0,6856321169434266;0,500125020835851;0,31254998787283567;0,24637873373765817;0,3130523741120328
121,29999999999937;0,005;0,685629618856316;0,500125020835851;0,3128953214971081;0,24672194771696665;0,3134965345354601
121,39999999999937;0,005;0,6856271278149135;0,500125020835851;0,3132286884169276;0,2470496697150104;0,3137155474931319
121,49999999999936;0,005;0,6856246437976605;0,500125020835851;0,313551065478253;0,24737026332478618;0,31413114214132065
121,59999999999935;0,005;0,6856221667830709;0,500125020835851;0,3138632948662129;0,24767767170873056;0,3143369456913092
122,59999999999935;0,005;0,6855977771084845;0,500125020835851;0,31655407768427063;0,2503455885582188;0,3169819947109431
122,69999999999935;0,005;0,6855953757257537;0,500125020835851;0,3167889572765604;0,2505796030200285;0,3172866571559041
123,69999999999935;0,005;0,6855717298025141;0,500125020835851;0,3188929002089047;0,252669745106682;0,3193502723566155
123,79999999999934;0,005;0,6855694015550572;0,500125020835851;0,31908241662320125;0,2528576105883761;0,3194776963817958
124,79999999999934;0,005;0,6855464748749518;0,500125020835851;0,32081418113857935;0,2545801582102478;0,3211910247381411
124,89999999999934;0,005;0,6855442173570204;0,500125020835851;0,32097292150279944;0,2547385029103415;0,3213971904143875
125,89999999999934;0,005;0,6855219819056974;0,500125020835851;0,32244176716059636;0,25620049166774095;0,3228458116376487
125,99999999999933;0,005;0,6855197928082217;0,500125020835851;0,32257795145743834;0,25633578859028516;0,3229385129395723
126,99999999999933;0,005;0,6854982347065265;0,500125020835851;0,3238491772611774;0,25760179636637925;0,32419930122017604
127,09999999999933;0,005;0,6854961117846972;0,500125020835851;0,3239680027506488;0,2577203879273513;0,3243533059286108
128,09999999999934;0,005;0,6854752045939838;0,500125020835851;0,32508446899069565;0,25883265486928214;0,32545733620537476
128,19999999999933;0,005;0,6854731456929914;0,500125020835851;0,3251894735030508;0,258937096507853;0,3255296038852862
129,19999999999933;0,005;0,6854528682530046;0,500125020835851;0,3261811232059361;0,2599253474427352;0,32651445515710975
129,29999999999933;0,005;0,6854508712950358;0,500125020835851;0,32627484206686097;0,2600189104407815;0,3266355000349108
130,29999999999933;0,005;0,6854312009732123;0,500125020835851;0,32716355438383293;0,26090476845872446;0,3275157401644435
130,39999999999932;0,005;0,6854292639592152;0,500125020835851;0,32724787606179373;0,26098869967734495;0,3275744059334329
131,39999999999932;0,005;0,6854101855755524;0,500125020835851;0,32805019143017466;0,26178861849976165;0,32836286246578084
131,49999999999932;0,005;0,6854083065676709;0,500125020835851;0,32812656464631285;0,2618648802461653;0,3284574488954206
132,49999999999932;0,005;0,6853897988608455;0,500125020835851;0,32885532703694015;0,2625915746022186;0,3291655600419574
132,5999999999993;0,005;0,6853879759943657;0,500125020835851;0,3289248904788872;0,2626608513208702;0,3292126856504751
133,5999999999993;0,005;0,6853700206471567;0,500125020835851;0,329590292426755;0,2633244736228529;0,32985277285263237
133,6999999999993;0,005;0,6853682521228724;0,500125020835851;0,32965395831859423;0,2633880559252706;0,32993060286415243
134,6999999999993;0,005;0,6853508314602355;0,500125020835851;0,33026423501695384;0,26399676751668505;0,3305090294269064
134,7999999999993;0,005;0,6853491155418892;0,500125020835851;0,33032274673167084;0,2640550601492754;0,33054885975815296
135,7999999999993;0,005;0,6853322081005628;0,500125020835851;0,3309051481053971;0,26461559602729023;0,33109934328990676
135,8999999999993;0,005;0,6853305431219711;0,500125020835851;0,33095858982388826;0,26466950249157084;0,33116611939917107
136,8999999999993;0,005;0,6853141413426093;0,500125020835851;0,33150034473530804;0,2651874306855311;0,33167692308254004
136,9999999999993;0,005;0,685312525676379;0,500125020835851;0,3315548081616213;0,2652372026383164;0,33171332019335864
137,9999999999993;0,005;0,6852966091624707;0,500125020835851;0,3320599052714313;0,2657172301735209;0,33218755623067864
138,09999999999928;0,005;0,6852950412469399;0,500125020835851;0,3321029953745449;0,26576352939108605;0,33224698269904707
139,09999999999928;0,005;0,6852795946526834;0,500125020835851;0,3325726766145236;0,26620963034355133;0,3326864405107699
139,19999999999928;0,005;0,6852780729799731;0,500125020835851;0,33262579614574633;0,26625261881553997;0,33271833829815023
140,19999999999928;0,005;0,6852630792554578;0,500125020835851;0,3330662522540775;0,2666682153267299;0,33312835125187235
140,29999999999927;0,005;0,685261602374274;0,500125020835851;0,33310181065050765;0,26670839471376656;0,33317969081977594
141,29999999999927;0,005;0,6852470517198335;0,500125020835851;0,33351323745645456;0,26709642376684545;0,3335704934146122
141,39999999999927;0,005;0,6852456182188413;0,500125020835851;0,3335635973228486;0,26713390083417154;0,33359873624277725
142,39999999999927;0,005;0,6852314945312472;0,500125020835851;0,3339513267885826;0,26749692875209574;0,3339708332825353
142,49999999999926;0,005;0,6852301030519748;0,500125020835851;0,33397911667105334;0,2675320941801467;0,334016325090829
143,49999999999926;0,005;0,6852163929785916;0,500125020835851;0,3343426336650295;0,26787235260523934;0,3343723113604824
143,59999999999926;0,005;0,6852150422086639;0,500125020835851;0,3343911988352027;0,26790527781738127;0,3343979309693168
144,59999999999926;0,005;0,6852017328491393;0,500125020835851;0,334735240498198;0,26822474004166486;0,33473926523342357
144,69999999999925;0,005;0,6852004215205543;0,500125020835851;0,33475327317336784;0,2682557359741527;0,3347792715763376
145,69999999999925;0,005;0,6851874959949865;0,500125020835851;0,3350594439264431;0,26855613657001953;0,3350834050694118
146,69999999999925;0,005;0,685174917469337;0,500125020835851;0,3353443783082022;0,2688405555554234;0,33536680230653815
147,69999999999925;0,005;0,6851626717805126;0,500125020835851;0,335614444472915;0,26911014294203583;0,3356354403960893
148,69999999999925;0,005;0,68515074957114;0,500125020835851;0,33587068559821476;0,2693659384305186;0,3358903521997547
149,69999999999925;0,005;0,6851391417677025;0,500125020835851;0,33611404759902336;0,2696088848909236;0,336132474580495
150,69999999999925;0,005;0,6851278373636158;0,500125020835851;0,3363453906745978;0,26983983984080484;0,3363626597386826
151,69999999999925;0,005;0,6851168322875574;0,500125020835851;0,33656549921972634;0,2700595852693565;0,33658318640945595
152,69999999999925;0,005;0,6851061160063034;0,500125020835851;0,33677509024251845;0,2702688360868531;0,3367932637794979
153,69999999999925;0,005;0,6850956804907852;0,500125020835851;0,3369748207744836;0,2704682474248763;0,3369935432382931
154,69999999999925;0,005;0,6850855179519296;0,500125020835851;0,3371652941971473;0,27065842097064985;0,3371846231222264
155,69999999999925;0,005;0,6850756164178644;0,500125020835851;0,3373470657787692;0,27083991048538936;0,3373670541792251
156,69999999999925;0,005;0,6850659774812079;0,500125020835851;0,33752064759449224;0,2710132266300421;0,3375413443599484
157,69999999999925;0,005;0,6850565895149832;0,500125020835851;0,3376865126321169;0,27117884120044977;0,3377079630125479
158,69999999999925;0,005;0,6850474456145836;0,500125020835851;0,33784509868633306;0,2713371908568072;0,33786734457947887
159,69999999999925;0,005;0,6850385390789482;0,500125020835851;0,33799681159195527;0,2714886804183373;0,33801989186656556
160,69999999999925;0,005;0,6850298611965521;0,500125020835851;0,3381560444769729;0,27163368578272423;0,3381838679337079
161,69999999999925;0,005;0,6850214101165324;0,500125020835851;0,3383248504520645;0,27177255652052;0,33835069583716404
162,69999999999925;0,005;0,6850131774542091;0,500125020835851;0,33848783568155427;0,27190561818705544;0,33851173446251437
163,69999999999925;0,005;0,6850051572597152;0,500125020835851;0,33864530444829644;0,2720331743879911;0,3386672859880946
164,69999999999925;0,005;0,6849973437563114;0,500125020835851;0,33879754087293895;0,2721555086293871;0,3388176326154735
165,69999999999925;0,005;0,6849897269199645;0,500125020835851;0,33894481074450356;0,27227288597870025;0,338963038394553
166,69999999999925;0,005;0,6849823102289175;0,500125020835851;0,33908736262784134;0,27238555455943253;0,3391037502021277
167,69999999999925;0,005;0,6849750838817944;0,500125020835851;0,33922542943281797;0,2724937468990174;0,33923999950644657
168,69999999999925;0,005;0,6849680427416694;0,500125020835851;0,33935922976721794;0,27259768114688254;0,3393720035265346
169,69999999999925;0,005;0,6849611818192648;0,500125020835851;0,3394889689154818;0,27269756217739494;0,3394999662678799
170,69999999999925;0,005;0,6849544940608862;0,500125020835851;0,33960083063176255;0,2727935825904765;0,339606199586342
171,69999999999925;0,005;0,6849479792214157;0,500125020835851;0,33969329463087744;0,27288592362105235;0,3396983043177215
172,69999999999925;0,005;0,6849416304716301;0,500125020835851;0,3397822441717783;0,2729747559670964;0,339786911159905
173,69999999999925;0,005;0,6849354433685593;0,500125020835851;0,33986784051565594;0,27306024054483957;0,33987218042241807
174,69999999999925;0,005;0,6849294135954637;0,500125020835851;0,3399502357997364;0,2731425291786732;0,33995426336943524
175,69999999999925;0,005;0,6849235325430095;0,500125020835851;0,3400295736639321;0,2732217652323763;0,34003330283582045
176,69999999999925;0,005;0,6849178050603808;0,500125020835851;0,34010598990396634;0,2732980841875474;0,34010943381744596
177,69999999999925;0,005;0,6849122226748624;0,500125020835851;0,3401796128564037;0,2733716141744075;0,34018278398022517
178,69999999999925;0,005;0,6849067815373356;0,500125020835851;0,34025056403707143;0,27344247645960346;0,34025347416630325
179,69999999999925;0,005;0,6849014779068497;0,500125020835851;0,34031895851635413;0,27351078589508393;0,3403216188266356
180,69999999999925;0,005;0,684896305939876;0,500125020835851;0,34038490534198823;0,2735766513317113;0,34038732643352887
181,69999999999925;0,005;0,6848912665645759;0,500125020835851;0,34044850795813747;0,273640176000852;0,34045069986859744
182,69999999999925;0,005;0,6848863540893437;0,500125020835851;0,3405098644852165;0,27370145786686173;0,3405118367638238
183,69999999999925;0,005;0,6848815651743465;0,500125020835851;0,34056906812130505;0,2737605899530645;0,34057082982982934
184,69999999999925;0,005;0,6848768965726385;0,500125020835851;0,3406262074073349;0,2738176606435738;0,34062776716140775
185,69999999999925;0,005;0,6848723407124347;0,500125020835851;0,34068136650085395;0,27387275396304234;0,3406827325071049
186,69999999999925;0,005;0,6848679034492773;0,500125020835851;0,3407346255090675;0,2739259498362473;0,34073580552998806
187,69999999999925;0,005;0,6848635772866393;0,500125020835851;0,34078606058306665;0,27397732432920563;0,34078706205519893
188,69999999999925;0,005;0,6848593593224015;0,500125020835851;0,34083574429166347;0,2740269498733613;0,34083657428340075
189,69999999999925;0,005;0,6848552467343709;0,500125020835851;0,3408837457555809;0,2740748954742408;0,34088441099868305
190,69999999999925;0,005;0,6848512345704492;0,500125020835851;0,3409301308502394;0,2741212269058316;0,34093063777731913
191,69999999999925;0,005;0,6848473246237805;0,500125020835851;0,340974962423792;0,2741660068918327;0,34097531714365914
192,69999999999925;0,005;0,6848435120421444;0,500125020835851;0,34101830039299613;0,27420929527480775;0,34101850875941864
193,69999999999925;0,005;0,6848397943003165;0,500125020835851;0,34106020197609094;0,27425114917419824;0,3410602695696241
194,69999999999925;0,005;0,6848361689419731;0,500125020835851;0,3411007218033788;0,2742916231340369;0,34110065395466904
195,69999999999925;0,005;0,6848326291627282;0,500125020835851;0,3411399120489981;0,27433076926116406;0,34113971386503295
196,69999999999925;0,005;0,6848291815630377;0,500125020835851;0,34117782263338625;0,27436863735464667;0,34117749895486327
197,69999999999925;0,005;0,6848258193695144;0,500125020835851;0,34121450119731017;0,2744052750270636;0,34121405669495175
198,69999999999925;0,005;0,6848225403820906;0,500125020835851;0,3412499933649186;0,27444072781824913;0,3412494324935267
199,69999999999925;0,005;0,6848193424602015;0,500125020835851;0,341284342775723;0,2744750393020411;0,3412836697975763
200,69999999999925;0,005;0,6848162213135921;0,500125020835851;0,3413175911929848;0,2745082511865423;0,34131681019715643
201,69999999999925;0,005;0,6848131793780857;0,500125020835851;0,3413497786344834;0,27454040340834507;0,3413488935157716
202,69999999999925;0,005;0,6848102124255728;0,500125020835851;0,3413809433876109;0,2745715342211519;0,34137995789777165
203,69999999999925;0,005;0,6848073185369493;0,500125020835851;0,34141112216744124;0,27460168027917453;0,34141003989674346
204,69999999999925;0,005;0,6848044958445789;0,500125020835851;0,34144035015793744;0,27463087671567166;0,3414391745464229
205,69999999999925;0,005;0,6848017381158694;0,500125020835851;0,3414686610793427;0,27465915721695533;0,3414673954411285
206,69999999999925;0,005;0,6847990525066974;0,500125020835851;0,341496087330843;0,2746865540921709;0,3414947348012731
207,69999999999925;0,005;0,6847964327832253;0,500125020835851;0,3415226599089987;0,2747130983391274;0,34152122353987124
208,69999999999925;0,005;0,684793877269554;0,500125020835851;0,3415484086190647;0,274738819706445;0,3415468913277664
209,69999999999925;0,005;0,684791384334372;0,500125020835851;0,34157336205879896;0,27476374675225085;0,3415717666436535
210,69999999999925;0,005;0,6847889501822212;0,500125020835851;0,3415975476819455;0,2747879068996531;0,3415958768391647
211,69999999999925;0,005;0,6847865777297023;0,500125020835851;0,34162099188712564;0,27481132648919204;0,341619248183207
212,69999999999925;0,005;0,6847842632158907;0,500125020835851;0,34164371999384796;0,27483403082846547;0,341641905920369
213,69999999999925;0,005;0,6847820051756848;0,500125020835851;0,3416657563640492;0,2748560442390988;0,34166387430417444
214,69999999999925;0,005;0,6847798021826671;0,500125020835851;0,3416871244091755;0,274877390101231;0,34168517665804643
215,69999999999925;0,005;0,6847776484330653;0,500125020835851;0,3417078466256354;0,2748980908956585;0,3417058354025926
216,69999999999925;0,005;0,6847755514995483;0,500125020835851;0,341727944707569;0,27491816824379584;0,3417258721057692
217,69999999999925;0,005;0,6847735055534044;0,500125020835851;0,3417474394372761;0,27493764294556267;0,3417453075132926
218,69999999999925;0,005;0,6847715093125427;0,500125020835851;0,34176635087028845;0,2749565350153434;0,3417641615853029
219,69999999999925;0,005;0,684769561528479;0,500125020835851;0,34178469829455066;0,2749748637161153;0,34178245354269166
220,69999999999925;0,005;0,6847676587779282;0,500125020835851;0,34180250027079834;0,27499264759186204;0,3418002018803179
221,69999999999925;0,005;0,6847658043393258;0,500125020835851;0,3418197746997416;0,2750099044983701;0,34181742440907215
222,69999999999925;0,005;0,6847639948035502;0,500125020835851;0,34183653877767695;0,2750266516325013;0,34183413828202447
223,69999999999925;0,005;0,6847622290475666;0,500125020835851;0,34185280909885546;0,27504290556002525;0,3418503600244094
224,69999999999925;0,005;0,6847605059775752;0,500125020835851;0,34186860164451216;0,27505868224209756;0,34186610556176333
225,69999999999925;0,005;0,6847588201132494;0,500125020835851;0,34188393180134063;0,2750739970604594;0,3418813902337092
226,69999999999925;0,005;0,6847571793418017;0,500125020835851;0,34189881445825704;0,2750888648414234;0,3418962288347416
227,69999999999925;0,005;0,6847555781404223;0,500125020835851;0,3419132638817534;0,2751032998787236;0,3419106356207635
228,69999999999925;0,005;0,6847540155245311;0,500125020835851;0,341927293886752;0,27511731595528005;0,34192462434390336
229,69999999999925;0,005;0,6847524905350102;0,500125020835851;0,34194091778237545;0,27513092636394487;0,34193820826246224
230,69999999999925;0,005;0,6847510000300315;0,500125020835851;0,3419541483996651;0,2751441439272828;0,34195140017189374
231,69999999999925;0,005;0,6847495475618086;0,500125020835851;0,3419669981468097;0,27515698101643477;0,34196421241205144
232,69999999999925;0,005;0,68474812998754;0,500125020835851;0,3419794789534599;0,2751694495691169;0,34197665689262635
233,69999999999925;0,005;0,6847467464432696;0,500125020835851;0,34199160236242426;0,27518156110680025;0,3419887451096315
234,69999999999925;0,005;0,6847453960872433;0,500125020835851;0,3420033795085989;0,27519332675110886;0,3420004881562022
235,69999999999925;0,005;0,6847440736843483;0,500125020835851;0,3420148211278879;0,27520475723948323;0,34201189674647026
236,69999999999925;0,005;0,6847427873603769;0,500125020835851;0,3420259376449277;0,27521586294014533;0,3420229812277853
237,69999999999925;0,005;0,6847415318246532;0,500125020835851;0,3420367390398739;0,2752266538663947;0,34203375158512017
238,69999999999925;0,005;0,6847403063184709;0,500125020835851;0,3420472350111442;0,2752371396902812;0,342044217469919
239,69999999999925;0,005;0,6847391101025033;0,500125020835851;0,3420574349134983;0,27524732975567145;0,3420543882060656
240,69999999999925;0,005;0,6847379402488045;0,500125020835851;0,3420673477784671;0,2752572330907541;0,3420642727999734
241,69999999999925;0,005;0,6847368005177283;0,500125020835851;0,34207698236266176;0,27526685841999876;0,34207387995564886
242,69999999999925;0,005;0,684735687969036;0,500125020835851;0,3420863470855286;0,2752762141756039;0,34208321808833375
243,69999999999925;0,005;0,6847346019359128;0,500125020835851;0,3420954501148118;0,27528530850845523;0,3420922953303318
244,69999999999925;0,005;0,6847335417684782;0,500125020835851;0,34210429933956604;0,27529414929861984;0,3421011195435142
245,69999999999925;0,005;0,6847325024183747;0,500125020835851;0,3421129023734556;0,2753027441653956;0,3421096983298355
246,69999999999925;0,005;0,6847314921931738;0,500125020835851;0,34212126663713455;0,2753111004769414;0,34211803904298677
247,69999999999925;0,005;0,684730505979144;0,500125020835851;0,34212939921995583;0,2753192253595043;0,3421261487895322
248,69999999999925;0,005;0,6847295431898233;0,500125020835851;0,3421373070378785;0,27532712570626555;0,3421340344502255
249,69999999999925;0,005;0,6847286032535606;0,500125020835851;0,3421449967669548;0,2753348081858218;0,34214170268128896
250,69999999999925;0,005;0,6847276834056457;0,500125020835851;0,34215247485937794;0,2753422792503186;0,3421491599175397
251,69999999999925;0,005;0,6847267875653502;0,500125020835851;0,3421597475876323;0,2753495451432514;0,34215641239171646
252,69999999999925;0,005;0,6847259129471567;0,500125020835851;0,34216682097827406;0,27535661190695293;0,3421634661265216
253,69999999999925;0,005;0,6847250590348911;0,500125020835851;0,3421737008936193;0,27536348538977673;0,34217032696375327
254,69999999999925;0,005;0,6847242253253467;0,500125020835851;0,34218039300114905;0,275370171252995;0,3421770005537894
255,69999999999925;0,005;0,6847234069129822;0,500125020835851;0,34218690277337754;0,27537667497741947;0,3421834923597089
256,69999999999925;0,005;0,6847226122444346;0,500125020835851;0,34219323556695425;0,27538300186975995;0,3421898076807395
257,69999999999925;0,005;0,6847218363413907;0,500125020835851;0,34219939648125075;0,27538915706873424;0,34219595164358907
258,69999999999925;0,005;0,6847210787492596;0,500125020835851;0,34220539051328486;0,27539514555093564;0,34220192921765147
259,69999999999925;0,005;0,6847203390248121;0,500125020835851;0,34221122248836106;0,27540097213647274;0,3422077452084693
260,69999999999925;0,005;0,6847196145284048;0,500125020835851;0,34221689707340613;0,2754066414943916;0,3422134042749292
261,69999999999925;0,005;0,684718909301114;0,500125020835851;0,3422224188185173;0,2754121581478843;0,34221891093338286
262,69999999999925;0,005;0,6847182206760527;0,500125020835851;0,3422277920882692;0,27541752647930207;0,34222426955579976
263,69999999999925;0,005;0,6847175482525906;0,500125020835851;0,3422330211410289;0,2754227507349739;0,3422294843802831
264,69999999999925;0,005;0,6847168916400622;0,500125020835851;0,342238110096101;0,2754278350298408;0,3422345595122067
265,69999999999925;0,005;0,6847162460425463;0,500125020835851;0,3422430629314281;0,2754327833519178;0,34223949893330996
266,69999999999925;0,005;0,6847156200134583;0,500125020835851;0,3422478835606201;0,2754375995665848;0,3422443064997083
267,69999999999925;0,005;0,6847150086784989;0,500125020835851;0,34225257568956824;0,2754422874207172;0,3422489859480038
268,69999999999925;0,005;0,6847144116844016;0,500125020835851;0,34225714296946325;0,27544685054666185;0,34225354090864357
269,69999999999925;0,005;0,6847138286866449;0,500125020835851;0,3422615889256308;0,27545129246606737;0,34225797489057186
270,69999999999925;0,005;0,6847132571417465;0,500125020835851;0,3422659169691263;0,2754556165935673;0,3422622913060991
271,69999999999925;0,005;0,6847127011844667;0,500125020835851;0,3422701304366197;0,2754598262403357;0,3422664934549857
272,69999999999925;0,005;0,6847121582391917;0,500125020835851;0,34227423252011546;0,2754639246175038;0,3422705845451901
273,69999999999925;0,005;0,6847116279942183;0,500125020835851;0,3422782263447335;0,2754679148394574;0,3422745676854788
274,69999999999925;0,005;0,6847111101455251;0,500125020835851;0,34228211493439953;0,27547179992701176;0,34227844588485823
275,69999999999925;0,005;0,6847105999816131;0,500125020835851;0,34228590120813757;0,2754755828104739;0,3422822220755961
276,69999999999925;0,005;0,6847101061381581;0,500125020835851;0,3422895880557648;0,27547926633259057;0,3422858990896316
277,69999999999925;0,005;0,6847096238210165;0,500125020835851;0,34229317819320576;0,27548285325139477;0,34228947968188095
278,69999999999925;0,005;0,6847091527550287;0,500125020835851;0,3422966743142862;0,2754863462429466;0,34229296652000585
279,69999999999925;0,005;0,6847086926717871;0,500125020835851;0,3423000790183767;0,27548974790398006;0,3422963621980557
280,69999999999925;0,005;0,6847082411019824;0,500125020835851;0,34230339482085165;0,27549306075445207;0,34229966923021493
281,69999999999925;0,005;0,6847078022526584;0,500125020835851;0,34230662419188634;0,2754962872400053;0,3423028900570557
282,69999999999925;0,005;0,6847073736186462;0,500125020835851;0,34230976948511993;0,2754994297343425;0,3423060270500855
283,69999999999925;0,005;0,6847069549568977;0,500125020835851;0,342312833014443;0,27550249054151527;0,3423090825057784
284,69999999999925;0,005;0,6847065460303031;0,500125020835851;0,34231581701871017;0,27550547189813834;0,3423120586563755
285,69999999999925;0,005;0,684706142192579;0,500125020835851;0,34231872365711674;0,2755083759755218;0,34231495766874787
286,69999999999925;0,005;0,6847057521429638;0,500125020835851;0,3423215550839901;0,275511204881733;0,34231778165121796
287,69999999999925;0,005;0,684705371149269;0,500125020835851;0,3423243133032575;0,2755139606635838;0,3423205326396328
288,69999999999925;0,005;0,6847049989967241;0,500125020835851;0,34232700031941193;0,2755166453085536;0,34232321262351206
289,69999999999925;0,005;0,6847046354757851;0,500125020835851;0,3423296180643655;0,275519260746642;0,3423258235255844
290,69999999999925;0,005;0,684704278174522;0,500125020835851;0,342332168407148;0,2755218088521627;0,34232836721940885
291,69999999999925;0,005;0,6847039313559118;0,500125020835851;0,34233465319197476;0,27552429144547197;0,34233084551857473
292,69999999999925;0,005;0,6847035925693107;0,500125020835851;0,34233707416620346;0,27552671029464393;0,3423332601900597
293,69999999999925;0,005;0,6847032616248246;0,500125020835851;0,3423394330564465;0,27552906711708225;0,34233561294712445
294,69999999999925;0,005;0,6847029383371627;0,500125020835851;0,34234173153263286;0,2755313635810842;0,34233790545613374
295,69999999999925;0,005;0,6847026181105592;0,500125020835851;0,34234397120275883;0,27553360130734905;0,3423401393303038
296,69999999999925;0,005;0,6847023096935048;0,500125020835851;0,3423461536870778;0,2755357818704352;0,342342316147608
297,69999999999925;0,005;0,6847020084018284;0,500125020835851;0,3423482804719826;0,2755379068001721;0,342344437432871
298,69999999999925;0,005;0,6847017140675759;0,500125020835851;0,34235035306042144;0,27553997758302184;0,34234650466430594
299,69999999999925;0,005;0,684701426526849;0,500125020835851;0,3423523728982071;0,27554199566339765;0,34234851928800936
