Time,Stress,First Derivative,Second Derivative
0,2.48348,,
0.1,2.47713,-0.063500000000003,
0.2,2.46884,-0.08289999999999687,-0.19399999999993867
0.3,2.4624,-0.06440000000000003,0.1849999999999684
0.4,2.45497,-0.07430000000000267,-0.0990000000000264
0.5,2.44882,-0.06149999999999879,0.1280000000000388
0.6,2.44387,-0.04950000000000011,0.11999999999998681
0.7,2.43833,-0.0553999999999988,-0.058999999999986855
0.8,2.43357,-0.04760000000000093,0.07799999999997857
0.9,2.42858,-0.04989999999999829,-0.0229999999999736
1,2.4243,-0.04280000000000062,0.07099999999997672
1.1,2.42084,-0.03460000000000016,0.08200000000000457
1.2,2.41729,-0.03550000000000169,-0.009000000000015327
1.3,2.4139,-0.03390000000000001,0.01600000000001675
1.4,2.41052,-0.03379999999999943,0.0010000000000058586
1.5,2.40709,-0.03429999999999819,-0.004999999999987649
1.6,2.4027,-0.04390000000000334,-0.09600000000005138
1.7,2.4005,-0.021999999999997605,0.21900000000005765
1.8,2.39765,-0.028500000000000168,-0.06500000000002557
1.9,2.39445,-0.03200000000000096,-0.035000000000007955
2,2.39147,-0.0297999999999998,0.022000000000011573
2.1,2.38922,-0.022500000000000832,0.0729999999999896
2.2,2.38599,-0.03229999999999841,-0.09799999999997573
2.3,2.38365,-0.02340000000000239,0.08899999999996054
2.4,2.38105,-0.025999999999997112,-0.025999999999947187
2.5,2.378,-0.030499999999999944,-0.045000000000028274
2.6,2.37513,-0.028700000000001478,0.017999999999984643
2.7,2.37319,-0.01939999999999829,0.0930000000000318
2.8,2.37046,-0.02730000000000131,-0.07900000000003048
2.9,2.36904,-0.014199999999999756,0.1310000000000154
3,2.36562,-0.03420000000000198,-0.20000000000002208
3.1,2.36402,-0.015999999999998224,0.18200000000003738
3.2,2.36246,-0.015600000000000044,0.003999999999981792
3.3,2.35957,-0.028899999999998476,-0.1329999999999848
3.4,2.35753,-0.0204000000000004,0.08499999999998067
3.5,2.35573,-0.01800000000000244,0.023999999999979572
3.6,2.35273,-0.029999999999996668,-0.11999999999994217
3.7,2.3517,-0.010300000000000855,0.19699999999995793
3.8,2.34857,-0.03130000000000088,-0.210000000000001
3.9,2.34719,-0.013800000000001577,0.1749999999999929
4,2.34412,-0.030699999999996813,-0.16899999999995224
4.1,2.34313,-0.009900000000002719,0.20799999999994168
4.2,2.34139,-0.017399999999998434,-0.07499999999995675
4.3,2.33979,-0.016000000000002734,0.013999999999957049
4.4,2.33792,-0.018699999999998062,-0.026999999999953134
4.5,2.33549,-0.02429999999999941,-0.05600000000001367
4.6,2.33382,-0.016700000000002883,0.07599999999996553
4.7,2.33217,-0.016499999999996986,0.0020000000000589577
4.8,2.33095,-0.012200000000000032,0.042999999999969694
4.9,2.32864,-0.02310000000000022,-0.1090000000000013
5,2.32697,-0.016699999999998442,0.06400000000001801
5.1,2.32502,-0.019500000000003473,-0.02800000000005041
5.2,2.32441,-0.006099999999999962,0.1340000000000344
5.3,2.32213,-0.022799999999998457,-0.16699999999998552
5.4,2.32068,-0.014500000000001656,0.08299999999996757
5.5,2.31822,-0.024599999999996933,-0.10099999999995314
5.6,2.31764,-0.005800000000002491,0.1879999999999451
5.7,2.31618,-0.01459999999999787,-0.08799999999995332
5.8,2.314,-0.021800000000000784,-0.0720000000000294
5.9,2.31305,-0.009500000000000014,0.12300000000000705
6,2.31129,-0.0175999999999999,-0.08099999999999916
6.1,2.30927,-0.02019999999999918,-0.025999999999992893
6.2,2.3087,-0.005700000000001784,0.1449999999999732
6.3,2.30684,-0.018600000000002014,-0.12900000000000278
6.4,2.3061,-0.00739999999999959,0.11200000000002364
6.5,2.30441,-0.016899999999999752,-0.09500000000000194
6.6,2.30242,-0.01989999999999721,-0.029999999999974703
6.7,2.30203,-0.0039000000000033244,0.15999999999993803
6.8,2.2999,-0.02129999999999751,-0.17399999999994245
6.9,2.29899,-0.009100000000001836,0.12199999999995607
7,2.29777,-0.012200000000000032,-0.030999999999982073
7.1,2.29601,-0.0175999999999999,-0.053999999999998875
7.2,2.29463,-0.013799999999997075,0.03800000000002805
7.3,2.29358,-0.010500000000002212,0.032999999999948744
7.4,2.29254,-0.010400000000001464,0.0010000000000074825
7.5,2.29105,-0.014899999999999967,-0.0449999999999852
7.6,2.29,-0.010499999999997772,0.04400000000002211
7.7,2.28862,-0.013800000000001516,-0.03300000000003727
7.8,2.28703,-0.015899999999997638,-0.0209999999999613
7.9,2.28658,-0.004500000000002811,0.11399999999994767
8,2.28503,-0.015499999999999459,-0.10999999999996687
8.1,2.28359,-0.014400000000001129,0.010999999999983337
8.2,2.2834,-0.0018999999999991313,0.12500000000002043
8.3,2.28186,-0.01539999999999853,-0.13499999999999207
8.4,2.28104,-0.008200000000000459,0.07199999999998097
8.5,2.27983,-0.012099999999999377,-0.03899999999998932
8.6,2.27769,-0.021399999999998164,-0.0929999999999882
8.7,2.27734,-0.0035000000000007373,0.17899999999997487
8.8,2.27587,-0.014700000000002836,-0.1120000000000194
8.9,2.27556,-0.003099999999998115,0.11600000000004762
9,2.27312,-0.024400000000000064,-0.21300000000002026
9.1,2.27253,-0.005899999999998705,0.18500000000001424
9.2,2.27202,-0.005100000000002343,0.007999999999963646
9.3,2.27094,-0.010799999999999546,-0.05699999999997122
9.4,2.26949,-0.014500000000001786,-0.03700000000002253
9.5,2.26861,-0.00879999999999995,0.05700000000001856
9.6,2.26709,-0.015199999999997492,-0.06399999999997565
9.7,2.26663,-0.004599999999999066,0.10599999999998465
9.8,2.26547,-0.011600000000000334,-0.07000000000001169
9.9,2.26442,-0.010500000000002212,0.010999999999981256
10,2.26332,-0.010999999999996608,-0.004999999999943973
10.1,2.26212,-0.012000000000003163,-0.010000000000065581
10.2,2.2618,-0.0031999999999987707,0.08800000000004422
10.3,2.26143,-0.0037000000000019825,-0.005000000000032047
10.4,2.26025,-0.01179999999999741,-0.08099999999995455
10.5,2.25824,-0.020100000000002966,-0.08300000000005586
10.6,2.25703,-0.012099999999999377,0.08000000000003618
10.7,2.25613,-0.00899999999999682,0.031000000000025684
10.8,2.25583,-0.0030000000000018475,0.059999999999948865
10.9,2.25407,-0.0175999999999999,-0.14599999999998103
11,2.25364,-0.0043000000000015404,0.13299999999998408
11.1,2.25322,-0.0042000000000008844,0.0010000000000065633
11.2,2.25196,-0.012599999999998213,-0.0839999999999736
11.3,2.25048,-0.014799999999999048,-0.022000000000008037
11.4,2.24967,-0.008099999999999804,0.06699999999999269
11.5,2.2493,-0.003700000000002048,0.04399999999997771
11.6,2.24831,-0.009899999999998278,-0.06199999999996252
11.7,2.24833,0.00020000000000131095,0.10099999999999625
11.8,2.24607,-0.022600000000001185,-0.2280000000000217
11.9,2.24536,-0.00710000000000213,0.15499999999999112
12,2.244,-0.013599999999995886,-0.0649999999999378
12.1,2.24343,-0.005700000000001835,0.07899999999994078
12.2,2.24274,-0.006900000000000819,-0.011999999999989883
12.3,2.2417,-0.010400000000001372,-0.035000000000005034
12.4,2.24054,-0.0115999999999961,-0.011999999999947322
12.5,2.24,-0.0053999999999998684,0.06199999999996253
12.6,2.23906,-0.009400000000003883,-0.04000000000004028
12.7,2.23818,-0.00879999999999995,0.006000000000039346
12.8,2.23758,-0.005999999999999254,0.02800000000000656
12.9,2.23687,-0.007099999999997689,-0.010999999999984387
13,2.23481,-0.0206000000000018,-0.13500000000004161
13.1,2.23507,0.0025999999999992787,0.23200000000001164
13.2,2.23349,-0.015799999999996983,-0.18399999999996328
13.3,2.23299,-0.005000000000001599,0.10799999999995231
13.4,2.23194,-0.010500000000002212,-0.055000000000006335
13.5,2.23125,-0.006899999999996378,0.03600000000005847
13.6,2.22974,-0.015100000000001277,-0.08200000000004928
13.7,2.22956,-0.0017999999999984758,0.13300000000002848
13.8,2.22877,-0.007900000000002792,-0.0610000000000423
13.9,2.22784,-0.009299999999998787,-0.013999999999959998
14,2.22688,-0.009600000000000754,-0.003000000000019682
14.1,2.22591,-0.009700000000001409,-0.0010000000000065547
14.2,2.22512,-0.007899999999998492,0.018000000000029236
14.3,2.22364,-0.014799999999999048,-0.06900000000000459
14.4,2.22175,-0.01889999999999954,-0.041000000000005046
14.5,2.22296,0.012099999999999377,0.3099999999999903
14.6,2.22143,-0.015300000000002588,-0.2740000000000206
14.7,2.21992,-0.015099999999996836,0.0020000000000575183
14.8,2.21963,-0.0029000000000011937,0.1219999999999547
14.9,2.21876,-0.008699999999999295,-0.057999999999981226
15,2.21714,-0.016199999999999607,-0.07500000000000338
15.1,2.21706,-0.0008000000000008029,0.1539999999999886
15.2,2.21625,-0.008099999999999804,-0.07299999999999027
15.3,2.21477,-0.014799999999999048,-0.0669999999999915
15.4,2.21406,-0.00710000000000213,0.07699999999996945
15.5,2.2137,-0.0036000000000013925,0.0350000000000075
15.6,2.21303,-0.0066999999999995076,-0.03099999999998126
15.7,2.21124,-0.017899999999997425,-0.11199999999997956
15.8,2.21133,0.0008999999999970015,0.18799999999994157
15.9,2.21009,-0.012399999999996901,-0.1329999999999395
16,2.20914,-0.009500000000000097,0.02899999999996815
16.1,2.20794,-0.01200000000000295,-0.02500000000002817
16.2,2.20769,-0.002499999999998668,0.09500000000004484
16.3,2.20611,-0.015800000000001143,-0.13300000000002285
16.4,2.20574,-0.003699999999997673,0.12100000000003727
16.5,2.20576,0.0002000000000013074,0.03899999999998925
16.6,2.20411,-0.016500000000001278,-0.16700000000002346
16.7,2.20331,-0.007999999999999289,0.0850000000000217
16.8,2.20381,0.004999999999997158,0.12999999999996262
16.9,2.20169,-0.021199999999997228,-0.26199999999994944
17,2.2009,-0.007900000000002792,0.13299999999994247
17.1,2.20126,0.0036000000000013287,0.11500000000003958
17.2,2.19935,-0.01910000000000119,-0.22700000000003
17.3,2.19851,-0.008399999999997179,0.10700000000003858
17.4,2.19817,-0.003400000000000142,0.04999999999997143
17.5,2.19725,-0.00920000000000241,-0.05800000000002185
17.6,2.19621,-0.01039999999999693,-0.011999999999945044
17.7,2.19429,-0.019200000000001848,-0.08800000000005104
17.8,2.19327,-0.010200000000000063,0.09000000000001657
17.9,2.19295,-0.0031999999999988275,0.07000000000001386
18,2.19204,-0.009100000000001754,-0.05900000000002843
18.1,2.19149,-0.005500000000000426,0.036000000000012765
18.2,2.1896,-0.018899999999999875,-0.13399999999999734
18.3,2.18952,-0.0008000000000007887,0.18099999999998828
18.4,2.18865,-0.00869999999999945,-0.0789999999999883
18.5,2.1876,-0.010499999999997584,-0.01799999999998109
18.6,2.18701,-0.005900000000003041,0.04599999999994478
18.7,2.18588,-0.011299999999998775,-0.05399999999995849
18.8,2.18475,-0.011299999999998372,4.024558464266136E-15
18.9,2.18453,-0.002200000000001137,0.0909999999999743
19,2.18248,-0.02050000000000078,-0.18299999999999383
19.1,2.18242,-0.0005999999999994813,0.19900000000001017
19.2,2.18116,-0.012599999999998437,-0.11999999999999211
19.3,2.18017,-0.009900000000002544,0.026999999999958547
19.4,2.17933,-0.008399999999997477,0.015000000000050986
19.5,2.1783,-0.010300000000000718,-0.01900000000003214
19.6,2.17695,-0.01349999999999943,-0.03199999999998667
19.7,2.17669,-0.002600000000003766,0.10899999999995898
19.8,2.17525,-0.014399999999996433,-0.117999999999925
19.9,2.17464,-0.006100000000000124,0.08299999999996485
20,2.17357,-0.010700000000003332,-0.04600000000003142
20.1,2.17293,-0.006399999999997428,0.04300000000005843
20.2,2.17128,-0.016500000000001864,-0.10100000000004651
20.3,2.17123,-0.0004999999999988276,0.1600000000000281
20.4,2.16949,-0.0173999999999989,-0.1690000000000043
20.5,2.16789,-0.01600000000000245,0.013999999999964293
20.6,2.16723,-0.006599999999998735,0.0940000000000358
20.7,2.16592,-0.013100000000001723,-0.06500000000003127
20.8,2.16483,-0.0109000000000002,0.022000000000014924
20.9,2.16369,-0.011399999999999431,-0.004999999999992426
21,2.16309,-0.005999999999999254,0.054000000000001006
21.1,2.16193,-0.011600000000000334,-0.05600000000001
21.2,2.16054,-0.0138999999999981,-0.022999999999978146
21.3,2.15882,-0.017200000000001416,-0.03300000000003269
21.4,2.15695,-0.01869999999999856,-0.014999999999971779
21.5,2.15574,-0.012099999999999162,0.06599999999999306
21.6,2.15358,-0.021600000000003533,-0.09500000000004236
21.7,2.15327,-0.00309999999999817,0.18500000000005756
21.8,2.15092,-0.02349999999999819,-0.2039999999999973
21.9,2.14962,-0.013000000000001066,0.10499999999997346
22,2.14714,-0.024800000000002244,-0.1180000000000101
22.1,2.14243,-0.04709999999999703,-0.22299999999994471
22.2,2.13626,-0.061700000000001406,-0.14600000000004684
22.3,2.13217,-0.04090000000000091,0.20800000000000204
22.4,2.12816,-0.040100000000001544,0.007999999999993807
22.5,2.12165,-0.06509999999999923,-0.2499999999999733
22.6,2.11515,-0.06499999999999857,0.001000000000006537
22.7,2.11132,-0.0382999999999986,0.26700000000000546
22.8,2.10852,-0.028000000000000958,0.10299999999997494
22.9,2.10597,-0.025499999999998847,0.02500000000002165
23,2.10215,-0.038200000000001025,-0.12700000000001999
23.1,2.0996,-0.02549999999999794,0.12700000000002903
23.2,2.09742,-0.021800000000001173,0.036999999999968475
23.3,2.09536,-0.020600000000001437,0.01199999999999719
23.4,2.09284,-0.025200000000001315,-0.04599999999999976
23.5,2.09212,-0.0071999999999982165,0.18000000000002842
23.6,2.08961,-0.025099999999999765,-0.17900000000001293
23.7,2.08746,-0.0214999999999992,0.036000000000006416
23.8,2.08557,-0.018899999999999206,0.02599999999999958
23.9,2.08453,-0.010400000000001741,0.08499999999997646
24,2.08285,-0.0167999999999988,-0.06399999999996966
24.1,2.08153,-0.013200000000001912,0.035999999999968356
24.2,2.08068,-0.008499999999998134,0.047000000000038775
24.3,2.07884,-0.018400000000000378,-0.09900000000002103
24.4,2.0773,-0.015399999999999076,0.030000000000013658
24.5,2.0769,-0.003999999999999502,0.11399999999999412
24.6,2.07479,-0.021100000000000264,-0.17100000000000518
24.7,2.07465,-0.0014000000000003198,0.19700000000000364
24.8,2.07287,-0.017800000000000895,-0.16400000000000342
24.9,2.07272,-0.001500000000000977,0.16300000000000267
25,2.07175,-0.009699999999996796,-0.08199999999995704
25.1,2.07047,-0.012800000000003737,-0.03100000000006897
25.2,2.06876,-0.017099999999996927,-0.042999999999932814
25.3,2.06855,-0.002100000000000405,0.14999999999996308
25.4,2.06669,-0.018600000000002344,-0.1650000000000229
25.5,2.06612,-0.005699999999997293,0.12900000000004866
25.6,2.06507,-0.010500000000002025,-0.04800000000004664
25.7,2.06381,-0.012599999999998437,-0.020999999999964568
25.8,2.06351,-0.0030000000000018475,0.09599999999996454
25.9,2.06141,-0.021000000000000355,-0.1799999999999889
26,2.06135,-0.0005999999999994813,0.20400000000000582
26.1,2.05979,-0.015599999999999836,-0.1500000000000014
26.2,2.0591,-0.006900000000000942,0.08699999999999079
26.3,2.05737,-0.017299999999997626,-0.10399999999996537
26.4,2.05599,-0.013800000000001884,0.034999999999958176
26.5,2.05604,0.0004999999999988276,0.1430000000000051
26.6,2.05537,-0.006699999999999389,-0.07199999999998115
26.7,2.05341,-0.019600000000000034,-0.1290000000000092
26.8,2.05364,0.0023000000000017126,0.21900000000001438
26.9,2.05322,-0.004200000000000959,-0.0650000000000281
27,2.05133,-0.018899999999999206,-0.14699999999998037
27.1,2.05042,-0.009100000000001754,0.09799999999997312
27.2,2.04995,-0.004699999999999805,0.04400000000002043
27.3,2.04968,-0.0026999999999998865,0.0199999999999989
27.4,2.0478,-0.01879999999999922,-0.16099999999999676
27.5,2.04701,-0.007899999999998351,0.10900000000000715
27.6,2.04653,-0.004800000000000291,0.03099999999998016
27.7,2.04581,-0.007200000000002913,-0.024000000000026733
27.8,2.04511,-0.006999999999996909,0.0020000000000600154
27.9,2.04456,-0.005500000000000622,0.014999999999963192
28,2.04301,-0.015499999999999183,-0.0999999999999842
28.1,2.04305,0.0003999999999981739,0.1589999999999713
28.2,2.04211,-0.00939999999999961,-0.09799999999997994
28.3,2.04148,-0.006300000000001215,0.03099999999998351
28.4,2.04087,-0.006100000000000124,0.0020000000000109505
28.5,2.03981,-0.010599999999998238,-0.04499999999998049
28.6,2.03973,-0.0008000000000007887,0.09799999999997311
28.7,2.03792,-0.018099999999999058,-0.17299999999998636
28.8,2.03772,-0.001999999999999751,0.16099999999999076
28.9,2.03689,-0.008300000000001261,-0.06300000000001645
29,2.0365,-0.003899999999998849,0.0440000000000235
29.1,2.03594,-0.00560000000000108,-0.017000000000022067
29.2,2.03548,-0.004599999999999147,0.010000000000019538
29.3,2.0342,-0.012800000000003737,-0.08200000000004473
29.4,2.03423,0.00030000000000197176,0.13100000000005987
29.5,2.03283,-0.013999999999998259,-0.14300000000000027
29.6,2.03215,-0.006800000000000043,0.07199999999998113
29.7,2.03143,-0.007200000000002913,-0.004000000000028788
29.8,2.03121,-0.002199999999996618,0.050000000000062245
29.9,2.03055,-0.00660000000000341,-0.044000000000068866
30,2.02983,-0.0071999999999982165,-0.005999999999947976
30.1,2.02945,-0.003799999999998195,0.03399999999999973
30.2,2.02843,-0.010200000000000426,-0.06400000000002366
30.3,2.02828,-0.0015000000000009238,0.08699999999999378
30.4,2.02708,-0.011999999999998933,-0.10499999999998233
30.5,2.02742,0.0034000000000000215,0.15399999999998737
30.6,2.027,-0.00420000000000081,-0.07600000000000724
30.7,2.02607,-0.009300000000003392,-0.05100000000002691
30.8,2.02546,-0.006099999999999908,0.03200000000003439
30.9,2.02531,-0.001499999999996536,0.046000000000034694
31,2.02504,-0.0026999999999998865,-0.012000000000033335
31.1,2.02423,-0.00809999999999966,-0.05399999999999696
31.2,2.0232,-0.010300000000001084,-0.022000000000014716
31.3,2.02296,-0.002400000000002366,0.07899999999998607
31.4,2.02242,-0.005399999999999965,-0.02999999999997663
31.5,2.02086,-0.015599999999999836,-0.10199999999999727
31.6,2.02074,-0.0011999999999989625,0.1440000000000067
31.7,2.02,-0.007399999999999787,-0.06200000000000957
31.8,2.01909,-0.009100000000001754,-0.01700000000001943
31.9,2.01961,0.005200000000003091,0.1430000000000515
32,2.01865,-0.009600000000000582,-0.14800000000003463
32.1,2.01821,-0.0044000000000021175,0.051999999999983906
32.2,2.01783,-0.003799999999998195,0.00600000000003914
32.3,2.0179,0.0007000000000001847,0.04499999999998635
32.4,2.01662,-0.012799999999999296,-0.1349999999999929
32.5,2.01629,-0.0032999999999993677,0.09499999999999793
32.6,2.0158,-0.004900000000000945,-0.016000000000015547
32.7,2.01583,0.0002999999999975202,0.05199999999998391
32.8,2.01435,-0.0148000000000001,-0.15099999999998479
32.9,2.01443,0.0008000000000007887,0.15600000000000666
33,2.01383,-0.005999999999999254,-0.06799999999999946
33.1,2.01229,-0.01539999999999853,-0.09399999999999141
33.2,2.0129,0.006099999999999908,0.21499999999998132
33.3,2.0124,-0.005000000000001954,-0.11100000000002493
33.4,2.01118,-0.012199999999999815,-0.07199999999997758
33.5,2.01062,-0.00560000000000108,0.06599999999998642
33.6,2.0108,0.0018000000000028848,0.07400000000003859
33.7,2.01028,-0.005200000000002906,-0.07000000000005692
33.8,2.00954,-0.00740000000000005,-0.021999999999972684
33.9,2.0092,-0.0034000000000000215,0.03999999999999971
34,2.00875,-0.00449999999999833,-0.010999999999982928
34.1,2.00746,-0.01289999999999995,-0.08400000000001501
34.2,2.00772,0.0025999999999992327,0.15499999999998962
34.3,2.00766,-0.000599999999999524,-0.031999999999989384
34.4,2.00734,-0.003199999999998714,-0.02599999999999153
34.5,2.0069,-0.0044000000000021175,-0.012000000000033866
34.6,2.00558,-0.01319999999999747,-0.08799999999995228
34.7,2.00629,0.007099999999997563,0.20299999999994744
34.8,2.00527,-0.010200000000000788,-0.17299999999999335
34.9,2.00424,-0.010300000000000718,-0.0009999999999992857
35,2.00439,0.0015000000000009238,0.11800000000001475
35.1,2.00362,-0.007699999999997044,-0.09199999999997838
35.2,2.00258,-0.010400000000001372,-0.02700000000004289
35.3,2.00313,0.005500000000000817,0.15900000000003095
35.4,2.00308,-0.0004999999999988276,-0.05999999999999559
35.5,2.00225,-0.008300000000000966,-0.07800000000002028
35.6,2.00169,-0.00560000000000108,0.02699999999999848
35.7,2.00015,-0.01539999999999853,-0.09799999999997311
35.8,2.00118,0.01030000000000145,0.2570000000000144
35.9,1.99996,-0.012200000000002036,-0.22500000000003167
36,2.00004,0.0007999999999985682,0.1300000000000042
36.1,1.99951,-0.005299999999999119,-0.060999999999976004
36.2,1.9991,-0.004099999999997936,0.012000000000011658
36.3,1.99829,-0.008100000000002454,-0.040000000000047456
36.4,1.99795,-0.0034000000000000215,0.04700000000002366
36.5,1.9979,-0.0004999999999988276,0.02900000000001153
36.6,1.99746,-0.004399999999999897,-0.03900000000001014
36.7,1.99604,-0.014199999999999567,-0.09799999999999531
36.8,1.99636,0.003199999999998941,0.17399999999999496
36.9,1.99615,-0.0020999999999981845,-0.0529999999999705
37,1.99549,-0.006600000000000956,-0.04500000000002707
37.1,1.99467,-0.008200000000000313,-0.015999999999993342
37.2,1.9947,0.00029999999999974063,0.08499999999999934
37.3,1.99427,-0.004299999999999549,-0.04599999999999551
37.4,1.99396,-0.0031000000000002805,0.011999999999992515
37.5,1.99317,-0.007899999999998351,-0.047999999999980024
37.6,1.99285,-0.0032000000000009343,0.046999999999973494
37.7,1.99258,-0.0026999999999998865,0.005000000000010407
37.8,1.99228,-0.00299999999999984,-0.0029999999999997056
37.9,1.99199,-0.0029000000000011937,0.0009999999999864488
38,1.99165,-0.0034000000000000215,-0.004999999999988207
38.1,1.99094,-0.007099999999999784,-0.0369999999999971
38.2,1.99105,0.0011000000000005294,0.08200000000000196
38.3,1.99,-0.01050000000000055,-0.1160000000000174
38.4,1.98989,-0.0011000000000005294,0.09399999999999888
38.5,1.98917,-0.0071999999999982165,-0.060999999999976004
38.6,1.98859,-0.005800000000000167,0.013999999999980296
38.7,1.98835,-0.0024000000000001455,0.03399999999999973
38.8,1.98795,-0.003999999999999787,-0.015999999999997322
38.9,1.98845,0.004999999999999378,0.08999999999999037
39,1.98781,-0.006399999999999648,-0.11399999999998864
39.1,1.9879,0.000899999999999222,0.07299999999998766
39.2,1.9866,-0.013000000000000605,-0.1389999999999963
39.3,1.98665,0.0005000000000010836,0.13500000000002454
39.4,1.98639,-0.0025999999999992327,-0.03100000000000272
39.5,1.98541,-0.00980000000000189,-0.07200000000002556
39.6,1.98584,0.004300000000001464,0.14100000000003154
39.7,1.98444,-0.014000000000000479,-0.18300000000001684
39.8,1.984,-0.004400000000000209,0.09600000000000815
39.9,1.98383,-0.0017000000000000107,0.027000000000001603
40,1.98413,0.002999999999999627,0.046999999999995705
40.1,1.98339,-0.007399999999999524,-0.10399999999999003
40.2,1.98371,0.0032000000000009343,0.10600000000000308
40.3,1.98216,-0.015500000000002505,-0.18700000000004502
40.4,1.98192,-0.0024000000000001455,0.13100000000002174
40.5,1.98103,-0.008899999999998227,-0.0649999999999799
40.6,1.98169,0.006599999999998735,0.1549999999999674
40.7,1.98116,-0.005299999999999119,-0.11899999999997685
40.8,1.98112,-0.00040000000000042275,0.048999999999989746
40.9,1.98004,-0.010799999999999546,-0.10399999999998975
41,1.97968,-0.0035999999999991083,0.07200000000000335
41.1,1.97979,0.001099999999998309,0.0469999999999735
41.2,1.97958,-0.002100000000000405,-0.031999999999986685
41.3,1.97962,0.00040000000000042275,0.025000000000009695
41.4,1.97814,-0.014799999999999048,-0.15199999999999256
41.5,1.97904,0.00899999999999888,0.2379999999999759
41.6,1.97829,-0.007499999999997957,-0.16499999999996603
41.7,1.97757,-0.007200000000000437,0.002999999999975159
41.8,1.97652,-0.01050000000000055,-0.03300000000000301
41.9,1.97632,-0.001999999999999751,0.08500000000000678
42,1.97584,-0.004800000000000291,-0.028000000000005
42.1,1.97593,0.000899999999999222,0.05699999999999432
42.2,1.97525,-0.006800000000000043,-0.07699999999999155
42.3,1.97494,-0.003100000000000501,0.03699999999999753
42.4,1.97488,-0.0005999999999994813,0.02500000000000984
42.5,1.97477,-0.0011000000000005294,-0.00500000000001041
42.6,1.97376,-0.01009999999999941,-0.08999999999998752
42.7,1.97339,-0.003699999999999762,0.06399999999999556
42.8,1.97311,-0.002800000000000739,0.008999999999990743
42.9,1.97334,0.0023000000000017126,0.05100000000002379
43,1.97251,-0.008300000000000966,-0.10600000000002528
43.1,1.9716,-0.009099999999999534,-0.00799999999998556
43.2,1.97182,0.0021999999999988383,0.11299999999998211
43.3,1.97164,-0.0017999999999985718,-0.039999999999976374
43.4,1.97074,-0.009000000000001101,-0.07200000000002427
43.5,1.97163,0.008900000000000447,0.17900000000001293
43.6,1.97039,-0.012399999999998901,-0.21299999999999045
43.7,1.96965,-0.007400000000001745,0.04999999999997086
43.8,1.96964,-9.999999999844035E-05,0.07300000000003719
43.9,1.96945,-0.001900000000001318,-0.01800000000002852
44,1.96881,-0.006399999999999648,-0.04499999999998266
44.1,1.96818,-0.006299999999998995,0.0010000000000065195
44.2,1.96894,0.0075999999999986105,0.1389999999999741
44.3,1.96807,-0.008699999999999758,-0.16299999999999296
44.4,1.9683,0.002299999999999492,0.10999999999999094
44.5,1.96784,-0.004599999999998984,-0.06899999999998378
44.6,1.96695,-0.008900000000000447,-0.04300000000001402
44.7,1.96707,0.001200000000001183,0.10100000000001487
44.8,1.96667,-0.004000000000002007,-0.05200000000003485
44.9,1.96596,-0.007099999999999784,-0.030999999999977323
45,1.96652,0.00560000000000108,0.12700000000000683
45.1,1.9661,-0.00420000000000081,-0.09800000000001752
45.2,1.96549,-0.006099999999999908,-0.01899999999999071
45.3,1.96472,-0.007699999999999812,-0.015999999999999955
45.4,1.96466,-0.0005999999999994813,0.0710000000000023
45.5,1.9644,-0.002600000000001453,-0.020000000000019436
45.6,1.96426,-0.00140000000000027,0.012000000000011661
45.7,1.96413,-0.0012999999999996163,0.0010000000000065217
45.8,1.96389,-0.0024000000000003164,-0.011000000000007625
45.9,1.96293,-0.009599999999998362,-0.07199999999997943
46,1.96307,0.00140000000000027,0.10999999999998476
46.1,1.9629,-0.0017000000000000107,-0.031000000000002366
46.2,1.96196,-0.009400000000001496,-0.07700000000001375
46.3,1.96185,-0.001099999999998387,0.08300000000003581
46.4,1.96085,-0.010000000000000977,-0.08900000000002463
46.5,1.96119,0.0034000000000000215,0.13400000000000808
46.6,1.96046,-0.00729999999999887,-0.10699999999998738
46.7,1.96052,0.0005999999999994813,0.07899999999998239
46.8,1.96101,0.004899999999999073,0.04299999999999836
46.9,1.95992,-0.010899999999997979,-0.15799999999996828
47,1.95945,-0.004700000000001858,0.06199999999996033
47.1,1.95988,0.004300000000001464,0.09000000000003193
47.2,1.95952,-0.0036000000000013287,-0.07900000000002681
47.3,1.9578,-0.017200000000000416,-0.13599999999999862
47.4,1.95778,-0.00019999999999908695,0.1700000000000109
47.5,1.95833,0.005499999999998206,0.05699999999997212
47.6,1.95831,-0.00019999999999908695,-0.05699999999997212
47.7,1.95782,-0.004900000000000945,-0.04700000000001791
47.8,1.95745,-0.003700000000000025,0.012000000000009886
47.9,1.95632,-0.011299999999998372,-0.0759999999999824
48,1.95665,0.0032999999999993677,0.14599999999997532
48.1,1.95578,-0.00869999999999914,-0.11999999999998338
48.2,1.95616,0.003799999999998195,0.12499999999997159
48.3,1.95467,-0.01490000000000076,-0.18700000000000017
48.4,1.95552,0.008500000000000053,0.2340000000000048
48.5,1.95511,-0.0041000000000001565,-0.12600000000000028
48.6,1.95435,-0.0075999999999986105,-0.034999999999984044
48.7,1.955,0.006500000000000302,0.1409999999999871
48.8,1.95423,-0.0077000000000020325,-0.14200000000003143
48.9,1.9545,0.0026999999999998865,0.1040000000000177
49,1.95336,-0.011399999999999027,-0.14099999999998714
49.1,1.95331,-0.0004999999999988276,0.10900000000000044
49.2,1.95274,-0.005700000000001734,-0.05200000000002832
49.3,1.95294,0.0019999999999998934,0.07700000000002065
49.4,1.9523,-0.006399999999999648,-0.08399999999999422
49.5,1.95174,-0.005599999999998859,0.008000000000007773
49.6,1.95189,0.0014999999999987033,0.07099999999997463
49.7,1.95117,-0.0071999999999982165,-0.08699999999996796
49.8,1.94983,-0.01340000000000195,-0.06200000000004086
49.9,1.95033,0.004999999999999378,0.18400000000001068
50,1.95086,0.005300000000001339,0.0030000000000195677
50.1,1.951,0.00140000000000027,-0.03900000000001014
50.2,1.94988,-0.01119999999999994,-0.12600000000000028
50.3,1.94938,-0.005000000000001954,0.061999999999983374
50.4,1.94974,0.0036000000000013287,0.08600000000003159
50.5,1.94788,-0.018599999999999464,-0.22200000000000478
50.6,1.94926,0.013799999999999172,0.3239999999999818
50.7,1.94859,-0.006699999999999389,-0.2049999999999827
50.8,1.9474,-0.01190000000000092,-0.05200000000001827
50.9,1.94704,-0.0035999999999991083,0.08300000000001695
51,1.94839,0.01349999999999943,0.17099999999998297
51.1,1.94765,-0.007399999999999524,-0.20899999999998656
51.2,1.94782,0.0017000000000000107,0.09099999999999406
51.3,1.94704,-0.007800000000000472,-0.09500000000001024
51.4,1.9454,-0.016400000000000626,-0.0860000000000003
51.5,1.94595,0.005500000000000426,0.21900000000000738
51.6,1.94643,0.004800000000000291,-0.007000000000001254
51.7,1.94639,-0.00040000000000039434,-0.05200000000000611
51.8,1.94505,-0.01340000000000195,-0.13000000000002293
51.9,1.94533,0.00280000000000054,0.1620000000000226
52,1.94503,-0.002999999999999627,-0.05800000000000084
52.1,1.94441,-0.006200000000000561,-0.03200000000000888
52.2,1.94427,-0.00140000000000027,0.04800000000000223
52.3,1.945,0.007300000000001609,0.08700000000002374
52.4,1.94362,-0.013800000000001393,-0.21100000000002703
52.5,1.94392,0.0030000000000018475,0.16800000000003001
52.6,1.94377,-0.0015000000000009238,-0.04500000000002707
52.7,1.9428,-0.009699999999999017,-0.08199999999997976
52.8,1.94257,-0.0023000000000018756,0.07399999999997563
52.9,1.94164,-0.009299999999998622,-0.06999999999996648
53,1.94154,-0.0009999999999998756,0.08299999999998628
53.1,1.94164,0.0009999999999998756,0.01999999999999723
53.2,1.94169,0.0004999999999988276,-0.005000000000010409
53.3,1.94099,-0.006999999999999627,-0.07499999999998881
53.4,1.94103,0.00040000000000039434,0.07399999999999916
53.5,1.94055,-0.004800000000000291,-0.05200000000000611
53.6,1.94102,0.004699999999999638,0.09499999999999793
53.7,1.94047,-0.005500000000000426,-0.10199999999999919
53.8,1.93996,-0.005100000000000394,0.00400000000000055
53.9,1.9399,-0.0005999999999994813,0.04500000000000849
54,1.93927,-0.006299999999998995,-0.056999999999994326
54.1,1.93902,-0.0025000000000007993,0.03799999999998142
54.2,1.93882,-0.001999999999999751,0.005000000000010411
54.3,1.93914,0.0032000000000011616,0.05200000000001208
54.4,1.93842,-0.007200000000000437,-0.10400000000001451
54.5,1.9381,-0.0032000000000009343,0.03999999999999446
54.6,1.93727,-0.008299999999998746,-0.05099999999997739
54.7,1.93787,0.005999999999999254,0.14299999999997798
54.8,1.93716,-0.0071000000000002875,-0.13100000000000286
54.9,1.9369,-0.0025999999999992327,0.045000000000009914
55,1.93716,0.0025999999999992327,0.05199999999998391
55.1,1.9359,-0.01260000000000021,-0.15199999999999228
55.2,1.93658,0.006800000000000043,0.19399999999999978
55.3,1.93671,0.0012999999999997087,-0.055000000000006474
55.4,1.93646,-0.002499999999998579,-0.03799999999998233
55.5,1.93577,-0.006900000000000696,-0.04400000000002055
55.6,1.93539,-0.0038000000000004155,0.03100000000000237
55.7,1.93475,-0.006399999999999648,-0.025999999999991957
55.8,1.93574,0.009900000000001026,0.16300000000001602
55.9,1.9349,-0.0083999999999994,-0.18300000000000166
56,1.93439,-0.005100000000000032,0.03299999999999321
56.1,1.93376,-0.006300000000001215,-0.012000000000011666
56.2,1.93347,-0.0028999999999989733,0.034000000000021936
56.3,1.93441,0.009399999999999943,0.12299999999999615
56.4,1.93413,-0.00280000000000054,-0.12200000000000309
56.5,1.93281,-0.013199999999999691,-0.10399999999999003
56.6,1.93288,0.000700000000000135,0.1389999999999963
56.7,1.93273,-0.0014999999999987033,-0.02199999999998807
56.8,1.93254,-0.001900000000001453,-0.0040000000000277244
56.9,1.93293,0.0039000000000010693,0.05800000000002439
57,1.93281,-0.001200000000001183,-0.0510000000000218
57.1,1.93165,-0.011599999999998114,-0.10399999999996783
57.2,1.93096,-0.006900000000000696,0.0469999999999735
57.3,1.93068,-0.002800000000000739,0.04100000000000191
57.4,1.9304,-0.00280000000000054,1.9905951886833577E-15
57.5,1.93016,-0.002399999999997925,0.004000000000026091
57.6,1.93071,0.005499999999998206,0.07899999999996019
57.7,1.93019,-0.005199999999998465,-0.10699999999996518
57.8,1.93073,0.005400000000000156,0.10599999999999224
57.9,1.92998,-0.0075000000000001775,-0.1290000000000015
58,1.92999,0.0001000000000006537,0.07600000000000723
58.1,1.92942,-0.005700000000001734,-0.05800000000002305
58.2,1.92963,0.002100000000000405,0.07800000000002028
58.3,1.92846,-0.011699999999999598,-0.13800000000000787
58.4,1.92902,0.005599999999998859,0.17299999999998208
58.5,1.92852,-0.004999999999999378,-0.10599999999998087
58.6,1.92887,0.003500000000000675,0.08499999999999931
58.7,1.92776,-0.011100000000001506,-0.14600000000001973
58.8,1.9285,0.00740000000000227,0.1850000000000483
58.9,1.92786,-0.006400000000001869,-0.13800000000003942
59,1.9275,-0.0035999999999991083,0.028000000000027205
59.1,1.92785,0.003500000000000675,0.07099999999999683
59.2,1.92674,-0.011100000000001506,-0.14600000000001973
59.3,1.92698,0.0024000000000003164,0.1350000000000259
59.4,1.92584,-0.011399999999999027,-0.1379999999999915
59.5,1.92595,0.0011000000000005294,0.1249999999999938
59.6,1.92621,0.0025999999999992327,0.01499999999998682
59.7,1.92572,-0.004899999999998725,-0.07499999999997851
59.8,1.9261,0.003799999999998465,0.08699999999997683
59.9,1.92518,-0.009200000000000189,-0.1299999999999847
60,1.92566,0.004800000000000291,0.14000000000000282
60.1,1.92529,-0.003699999999999762,-0.08499999999999931
60.2,1.92435,-0.009399999999999275,-0.05699999999999432
60.3,1.92399,-0.003599999999999364,0.05800000000000241
60.4,1.92376,-0.0023000000000017126,0.01299999999997633
60.5,1.92445,0.006900000000000696,0.09200000000002279
60.6,1.92283,-0.01619999999999932,-0.23099999999999687
60.7,1.92309,0.0025999999999992327,0.18799999999998282
60.8,1.9234,0.003100000000000501,0.005000000000012965
60.9,1.92247,-0.009300000000000842,-0.12400000000001168
61,1.92268,0.002100000000000405,0.11400000000001086
61.1,1.92235,-0.0032999999999993677,-0.05399999999999696
61.2,1.92254,0.0018999999999990975,0.05199999999998391
61.3,1.92228,-0.0025999999999994174,-0.0449999999999877
61.4,1.92192,-0.0035999999999991083,-0.009999999999996767
61.5,1.92151,-0.0041000000000001565,-0.005000000000010411
61.6,1.92132,-0.001900000000001318,0.02199999999998807
61.7,1.92086,-0.004599999999998984,-0.026999999999976276
61.8,1.91972,-0.011399999999999837,-0.0680000000000124
61.9,1.92031,0.0058999999999986,0.17299999999998192
62,1.92031,0,-0.05899999999998516
62.1,1.92057,0.002600000000001453,0.02600000000001416
62.2,1.91985,-0.007200000000000437,-0.09800000000001752
62.3,1.91952,-0.0033000000000018227,0.038999999999988356
62.4,1.91974,0.0022000000000010587,0.055000000000028026
62.5,1.91919,-0.005500000000000426,-0.07700000000001375
62.6,1.91841,-0.007799999999999918,-0.02299999999999459
62.7,1.91881,0.003999999999999502,0.11799999999999253
62.8,1.91896,0.0015000000000010302,-0.024999999999986144
62.9,1.91882,-0.00140000000000027,-0.02900000000001259
63,1.91903,0.002100000000000405,0.03500000000000625
63.1,1.91822,-0.00809999999999966,-0.1019999999999992
63.2,1.91834,0.0011999999999989625,0.0929999999999849
63.3,1.91741,-0.009299999999999283,-0.10499999999998842
63.4,1.91846,0.010499999999999805,0.19799999999998807
63.5,1.9169,-0.015599999999999836,-0.2609999999999927
63.6,1.91699,0.000899999999999222,0.16499999999998824
63.7,1.91681,-0.0018000000000006643,-0.02699999999999848
63.8,1.91628,-0.005299999999999495,-0.034999999999990296
63.9,1.91659,0.0031000000000002805,0.08399999999999656
64,1.91595,-0.006399999999999648,-0.09499999999999793
64.1,1.91633,0.0038000000000006856,0.10200000000000914
64.2,1.9153,-0.010299999999999986,-0.14099999999999469
64.3,1.91575,0.0045000000000008705,0.14800000000001698
64.4,1.9154,-0.0035000000000004264,-0.08000000000000615
64.5,1.91524,-0.0015999999999994706,0.019000000000010637
64.6,1.9148,-0.004400000000000209,-0.028000000000008976
64.7,1.91426,-0.005399999999999389,-0.009999999999990941
64.8,1.91476,0.004999999999999734,0.10399999999999712
64.9,1.914,-0.007600000000000291,-0.1259999999999895
65,1.91367,-0.0032999999999996023,0.04300000000000933
65.1,1.91358,-0.0008999999999992859,0.024000000000004528
65.2,1.91376,0.001799999999998316,0.026999999999973715
65.3,1.91322,-0.005400000000000156,-0.07199999999998882
65.4,1.91315,-0.0007000000000000852,0.046999999999996704
65.5,1.91211,-0.01039999999999989,-0.09700000000000356
65.6,1.91263,0.005200000000001055,0.15600000000001832
65.7,1.91205,-0.005799999999999755,-0.10999999999999874
65.8,1.91164,-0.004100000000000448,0.016999999999994037
65.9,1.91168,0.00040000000000036594,0.04500000000000431
66,1.91176,0.000799999999998625,0.0039999999999828185
66.1,1.91134,-0.004199999999998888,-0.049999999999977965
66.2,1.91075,-0.0059000000000004015,-0.017000000000013688
66.3,1.91069,-0.000599999999999524,0.05300000000001179
66.4,1.91138,0.006900000000000206,0.07499999999999091
66.5,1.91075,-0.006300000000001663,-0.1320000000000262
66.6,1.91096,0.002100000000000554,0.08400000000002694
66.7,1.91067,-0.0028999999999987673,-0.04999999999998895
66.8,1.90954,-0.011300000000001396,-0.08400000000003105
66.9,1.9096,0.0005999999999994387,0.11899999999999819
67,1.90959,-0.0001000000000006608,-0.007000000000001392
67.1,1.90979,0.002000000000002114,0.02100000000002894
67.2,1.90946,-0.0033000000000013535,-0.05300000000003015
67.3,1.90986,0.003999999999999787,0.07300000000001555
67.4,1.90945,-0.004099999999997645,-0.08099999999996742
67.5,1.90878,-0.006700000000002085,-0.026000000000045886
67.6,1.90881,0.000299999999999762,0.07000000000002246
67.7,1.90809,-0.007199999999997705,-0.07499999999996827
67.8,1.90819,0.0009999999999999467,0.08199999999998119
67.9,1.90869,0.004999999999999023,0.039999999999987344
68,1.90856,-0.0012999999999997087,-0.0629999999999909
68.1,1.90786,-0.007000000000001848,-0.05700000000002463
68.2,1.90682,-0.010399999999998412,-0.03399999999996275
68.3,1.90771,0.00890000000000108,0.1930000000000059
68.4,1.90656,-0.011499999999998864,-0.20399999999998206
68.5,1.90668,0.001199999999999048,0.12699999999998632
68.6,1.90614,-0.005400000000000156,-0.0659999999999958
68.7,1.90654,0.003999999999999219,0.09399999999998572
68.8,1.90606,-0.004799999999998412,-0.08799999999998132
68.9,1.90564,-0.0042000000000005115,0.0059999999999784965
69,1.906,0.003599999999999364,0.07800000000000319
69.1,1.90571,-0.0028999999999991793,-0.06499999999998912
69.2,1.9052,-0.00509999999999967,-0.02200000000000303
69.3,1.90465,-0.005500000000000817,-0.004000000000011696
69.4,1.90442,-0.0022999999999993286,0.03200000000001215
69.5,1.90431,-0.0011000000000006074,0.011999999999987894
69.6,1.90445,0.0014000000000003695,0.025000000000011194
69.7,1.90422,-0.0022999999999993286,-0.03699999999999383
69.8,1.90447,0.002500000000000977,0.04800000000000579
69.9,1.90389,-0.005799999999999755,-0.08300000000000024
70,1.90344,-0.0045000000000008705,0.012999999999989584
70.1,1.90373,0.0028999999999991793,0.0740000000000047
70.2,1.9034,-0.003299999999999133,-0.061999999999977844
70.3,1.90283,-0.005699999999999919,-0.02400000000000922
70.4,1.90297,0.0014000000000001704,0.07099999999999483
70.5,1.90188,-0.010900000000000973,-0.12300000000001843
70.6,1.90227,0.003899999999999126,0.1480000000000094
70.7,1.9029,0.006300000000000768,0.02400000000001437
70.8,1.90201,-0.00890000000000108,-0.1520000000000271
70.9,1.9022,0.0018999999999989626,0.10799999999999123
71,1.90179,-0.0040999999999982275,-0.05999999999997531
71.1,1.90213,0.003400000000000263,0.07499999999998917
71.2,1.90123,-0.009000000000000462,-0.1239999999999967
71.3,1.90104,-0.0018999999999992326,0.07100000000001634
71.4,1.90088,-0.0016000000000014637,0.0029999999999774326
71.5,1.90073,-0.0014999999999988098,0.0010000000000265964
71.6,1.90105,0.003199999999998941,0.04699999999998018
71.7,1.90059,-0.004599999999998657,-0.07799999999996934
71.8,1.90055,-0.00040000000000042275,0.04199999999998474
71.9,1.9003,-0.002499999999998401,-0.020999999999977995
72,1.89976,-0.005400000000002377,-0.029000000000041406
72.1,1.90005,0.0029000000000013997,0.08300000000004248
72.2,1.89924,-0.008099999999999084,-0.10999999999999545
72.3,1.89962,0.0038000000000006856,0.11900000000000445
72.4,1.89968,0.0005999999999994387,-0.03200000000000974
72.5,1.89897,-0.0071000000000002875,-0.07700000000000164
72.6,1.8986,-0.003700000000000025,0.03400000000000456
72.7,1.89864,0.00040000000000036594,0.04100000000000041
72.8,1.89844,-0.002000000000002114,-0.02400000000002616
72.9,1.89827,-0.00169999999999989,0.0030000000000219825
73,1.89836,0.0009000000000015064,0.02600000000001544
73.1,1.89769,-0.006699999999999865,-0.07600000000001804
73.2,1.89708,-0.006099999999999474,0.0060000000000033984
73.3,1.89843,0.01350000000000039,0.19600000000000978
73.4,1.89634,-0.02089999999999969,-0.3439999999999715
73.5,1.89693,0.00590000000000124,0.26800000000002455
73.6,1.89675,-0.0018000000000007923,-0.0770000000000247
73.7,1.89688,0.001299999999999524,0.031000000000000517
73.8,1.89645,-0.004299999999999549,-0.05599999999999391
73.9,1.89662,0.00169999999999989,0.05999999999998927
74,1.89653,-0.0008999999999992859,-0.025999999999993237
74.1,1.89557,-0.009600000000001266,-0.08700000000002475
74.2,1.89531,-0.002599999999999048,0.07000000000001622
74.3,1.89519,-0.0012000000000012684,0.013999999999978592
74.4,1.89636,0.011700000000000156,0.12900000000000325
74.5,1.89572,-0.006400000000000103,-0.18100000000001287
74.6,1.89468,-0.01040000000000211,-0.04000000000002235
74.7,1.89499,0.0031000000000000606,0.1350000000000102
74.8,1.89447,-0.005199999999998835,-0.08299999999999366
74.9,1.89474,0.0026999999999996944,0.07899999999997856
75,1.89427,-0.004700000000002192,-0.07400000000002306
75.1,1.89414,-0.0012999999999997087,0.034000000000026766
75.2,1.89423,0.0009000000000013784,0.022000000000009
75.3,1.89344,-0.007900000000001134,-0.08800000000003012
75.4,1.89364,0.0019999999999996093,0.09899999999999899
75.5,1.89312,-0.005200000000001055,-0.07200000000001074
75.6,1.89359,0.004700000000002192,0.0990000000000381
75.7,1.89305,-0.005400000000001609,-0.10100000000002939
75.8,1.89242,-0.006299999999999442,-0.008999999999978843
75.9,1.89296,0.005399999999999389,0.11699999999997833
76,1.89269,-0.002700000000000078,-0.08099999999999928
76.1,1.89202,-0.006699999999999865,-0.04000000000000014
76.2,1.89234,0.0031999999999984866,0.09899999999997507
76.3,1.89247,0.0013000000000019292,-0.018999999999966655
76.4,1.8921,-0.0037000000000017197,-0.05000000000003223
76.5,1.8917,-0.003999999999999787,-0.0029999999999808405
76.6,1.89158,-0.001199999999999048,0.028000000000008976
76.7,1.8918,0.0021999999999986817,0.0339999999999744
76.8,1.89097,-0.008299999999999336,-0.10499999999998615
76.9,1.89066,-0.0031000000000000606,0.05199999999998831
77,1.89068,0.00019999999999910115,0.03299999999999349
77.1,1.89078,0.0009999999999999467,0.00800000000000891
77.2,1.8901,-0.00679999999999956,-0.07799999999998843
77.3,1.88927,-0.008299999999999336,-0.014999999999998612
77.4,1.89053,0.012599999999999315,0.20899999999996866
77.5,1.88958,-0.009500000000000603,-0.22100000000001174
77.6,1.88982,0.0024000000000003164,0.11900000000001597
77.7,1.88967,-0.001500000000000817,-0.03900000000000801
77.8,1.88939,-0.002800000000000739,-0.012999999999999958
77.9,1.88926,-0.001299999999999524,0.015000000000010871
78,1.88849,-0.007699999999999812,-0.06400000000000652
78.1,1.88887,0.0038000000000006856,0.11500000000001151
78.2,1.8892,0.003299999999999133,-0.005000000000015099
78.3,1.88916,-0.00040000000000042275,-0.03699999999999766
78.4,1.88868,-0.00479999999999995,-0.043999999999991525
78.5,1.88792,-0.007599999999999151,-0.0279999999999936
78.6,1.88754,-0.0038000000000006856,0.037999999999986815
78.7,1.88831,0.007699999999998717,0.11499999999998423
78.8,1.88736,-0.009500000000000603,-0.17200000000000298
78.9,1.88771,0.0035000000000004264,0.12999999999999923
79,1.88746,-0.002500000000000977,-0.06000000000001745
79.1,1.88678,-0.006800000000000526,-0.042999999999997936
79.2,1.88686,0.0008000000000007319,0.07600000000000609
79.3,1.88668,-0.0018000000000007923,-0.02600000000001672
79.4,1.8863,-0.0037999999999979253,-0.019999999999969625
79.5,1.8871,0.007999999999999573,0.11799999999998169
79.6,1.88675,-0.003500000000000924,-0.11500000000001151
79.7,1.88638,-0.0036999999999994993,-0.001999999999985584
79.8,1.88515,-0.012299999999999122,-0.08600000000000113
79.9,1.8859,0.0074999999999974245,0.19799999999994858
80,1.88558,-0.003199999999998941,-0.10699999999996973
80.1,1.88595,0.003700000000000025,0.06899999999999358
80.2,1.886,0.0004999999999987921,-0.0320000000000096
80.3,1.88498,-0.010199999999998568,-0.10699999999997968
80.4,1.88556,0.0057999999999975346,0.15999999999994735
80.5,1.88523,-0.0032999999999996023,-0.09099999999997653
80.6,1.88465,-0.005800000000000579,-0.025000000000011187
80.7,1.8843,-0.003499999999998206,0.02300000000002177
80.8,1.88509,0.007899999999998913,0.11399999999997767
80.9,1.8845,-0.005899999999998181,-0.13799999999995918
81,1.88428,-0.002200000000001215,0.036999999999971764
81.1,1.88423,-0.0004999999999988631,0.017000000000024485
81.2,1.88343,-0.008000000000000658,-0.07500000000001154
81.3,1.88373,0.00299999999999984,0.11000000000001123
81.4,1.88373,0,-0.029999999999995842
81.5,1.88344,-0.0028999999999991793,-0.02899999999999344
81.6,1.88337,-0.0007000000000001847,0.021999999999991193
81.7,1.88252,-0.008499999999999449,-0.077999999999986
81.8,1.88284,0.0032000000000011616,0.11700000000001276
81.9,1.8828,-0.00040000000000036594,-0.0360000000000122
82,1.8826,-0.0019999999999998934,-0.015999999999996184
82.1,1.88229,-0.003100000000000501,-0.011000000000006699
82.2,1.88212,-0.00169999999999989,0.014000000000004915
82.3,1.88206,-0.000599999999999524,0.011000000000004284
82.4,1.88196,-0.0009999999999998046,-0.004000000000002466
82.5,1.882,0.0003999999999982023,0.013999999999980866
82.6,1.88113,-0.008699999999999758,-0.09099999999998477
82.7,1.88067,-0.004599999999998657,0.04100000000000752
82.8,1.88143,0.007599999999999151,0.12199999999998501
82.9,1.88138,-0.0004999999999987921,-0.08099999999997251
83,1.88077,-0.006100000000000341,-0.056000000000018674
83.1,1.88046,-0.003100000000000501,0.03000000000000011
83.2,1.88023,-0.0022999999999993286,0.00800000000001104
83.3,1.88074,0.005100000000000394,0.07400000000000144
83.4,1.88016,-0.005799999999999755,-0.1089999999999922
83.5,1.87999,-0.0017000000000001315,0.04099999999999856
83.6,1.87971,-0.002800000000000739,-0.011000000000006699
83.7,1.87994,0.0022999999999993286,0.05099999999999633
83.8,1.87978,-0.0015999999999994706,-0.03899999999999021
83.9,1.87979,0.0001000000000006466,0.016999999999999724
84,1.8797,-0.0009000000000015064,-0.010000000000022099
84.1,1.87949,-0.0020999999999983337,-0.011999999999968956
84.2,1.87936,-0.0013000000000017444,0.00799999999996521
84.3,1.87871,-0.006499999999998543,-0.051999999999970944
84.4,1.87827,-0.004399999999999584,0.020999999999987803
84.5,1.87818,-0.0009000000000015064,0.03499999999998277
84.6,1.87825,0.0007000000000001847,0.016000000000017823
84.7,1.87849,0.002399999999999975,0.016999999999996452
84.8,1.87774,-0.007500000000000711,-0.0990000000000125
84.9,1.87721,-0.005299999999998742,0.02200000000001781
85,1.87823,0.010200000000000788,0.15500000000000413
85.1,1.87683,-0.014000000000001475,-0.24200000000003638
85.2,1.87757,0.0073999999999989985,0.2139999999999865
85.3,1.87765,0.0008000000000008455,-0.06599999999998528
85.4,1.87671,-0.009399999999998607,-0.10199999999998582
85.5,1.87648,-0.0023000000000018756,0.07099999999997136
85.6,1.87682,0.003400000000000263,0.05700000000002463
85.7,1.87618,-0.006399999999999194,-0.09799999999998621
85.8,1.87649,0.003100000000000501,0.09500000000000235
85.9,1.87614,-0.0035000000000004264,-0.06600000000000364
86,1.87541,-0.007299999999999389,-0.03799999999999178
86.1,1.87588,0.0046999999999999716,0.12000000000000043
86.2,1.87556,-0.003200000000000707,-0.07900000000000006
86.3,1.87578,0.002200000000001215,0.054000000000022294
86.4,1.87536,-0.0042000000000005115,-0.06400000000001181
86.5,1.87508,-0.0027999999999985185,0.014000000000020725
86.6,1.87579,0.0071000000000002875,0.09899999999999369
86.7,1.87507,-0.007199999999999925,-0.1429999999999899
86.8,1.87473,-0.003400000000000263,0.037999999999998785
86.9,1.87524,0.00509999999999967,0.08499999999999208
87,1.875,-0.0024000000000003164,-0.07500000000000412
87.1,1.87371,-0.012900000000000867,-0.10500000000001147
87.2,1.87445,0.0073999999999989985,0.20299999999998136
87.3,1.87435,-0.0009999999999999467,-0.08399999999999422
87.4,1.87414,-0.0021000000000002557,-0.011000000000002152
87.5,1.87404,-0.0009999999999999467,0.011000000000003715
87.6,1.87409,0.0005000000000010836,0.015000000000011155
87.7,1.87331,-0.007799999999999364,-0.0829999999999974
87.8,1.87349,0.0018000000000007923,0.09600000000000702
87.9,1.87364,0.0014999999999985966,-0.0030000000000217006
88,1.87302,-0.006200000000001002,-0.07700000000000036
88.1,1.87344,0.004200000000001108,0.104000000000027
88.2,1.87302,-0.0042000000000005115,-0.08400000000000904
88.3,1.873,-0.00019999999999910115,0.04000000000001638
88.4,1.87313,0.001299999999999524,0.014999999999984972
88.5,1.87214,-0.009900000000001026,-0.11200000000001187
88.6,1.87255,0.004100000000000448,0.1400000000000227
88.7,1.87231,-0.002399999999999975,-0.06499999999999868
88.8,1.87157,-0.00740000000000005,-0.05000000000000359
88.9,1.87218,0.006099999999999474,0.13499999999998372
89,1.87163,-0.005500000000000817,-0.1160000000000095
89.1,1.87234,0.0071000000000002875,0.1260000000000182
89.2,1.8713,-0.010399999999998412,-0.1749999999999721
89.3,1.87125,-0.0004999999999988631,0.09900000000000113
89.4,1.87065,-0.006000000000001048,-0.05500000000001715
89.5,1.8708,0.0015000000000010302,0.07500000000002505
89.6,1.87138,0.005800000000000579,0.042999999999997936
89.7,1.87088,-0.004999999999999023,-0.1079999999999868
89.8,1.87072,-0.001600000000001691,0.033999999999975244
89.9,1.86981,-0.009099999999998888,-0.07499999999996558
90,1.86984,0.000299999999999762,0.09399999999999185
90.1,1.86953,-0.003100000000000501,-0.03400000000000456
90.2,1.86962,0.0009000000000013784,0.04000000000001538
90.3,1.86987,0.0024999999999987567,0.01599999999997469
90.4,1.86949,-0.0037999999999979253,-0.06299999999996145
90.5,1.86927,-0.002200000000001215,0.015999999999968012
90.6,1.86915,-0.001199999999999048,0.010000000000022238
90.7,1.86948,0.003299999999999133,0.044999999999977974
90.8,1.869,-0.004800000000000633,-0.08100000000000226
90.9,1.86882,-0.0018000000000005364,0.029999999999998406
91,1.86889,0.0007000000000001847,0.025000000000008633
91.1,1.8691,0.002100000000000554,0.014000000000004488
91.2,1.86808,-0.01019999999999934,-0.12299999999998845
91.3,1.8678,-0.002800000000000739,0.07399999999999021
91.4,1.86861,0.008100000000001304,0.10900000000001114
91.5,1.86844,-0.0017000000000001315,-0.09800000000001993
91.6,1.86737,-0.010700000000001873,-0.09000000000002252
91.7,1.86671,-0.006599999999998266,0.04100000000003257
91.8,1.8673,0.00589999999999902,0.12499999999997996
91.9,1.86758,0.002800000000000341,-0.030999999999984144
92,1.86735,-0.002299999999999655,-0.05100000000000286
92.1,1.86689,-0.004600000000001531,-0.023000000000020063
92.2,1.867,0.001100000000000451,0.05700000000001496
92.3,1.86685,-0.0015000000000010302,-0.02600000000001629
92.4,1.86714,0.0029000000000009877,0.04400000000001643
92.5,1.86634,-0.007999999999999573,-0.10900000000001181
92.6,1.86639,0.0004999999999988631,0.0849999999999892
92.7,1.8665,0.001100000000000451,0.006000000000015368
92.8,1.8659,-0.0060000000000019005,-0.07100000000002755
92.9,1.86575,-0.0014999999999985966,0.0450000000000292
93,1.86569,-0.000599999999999524,0.008999999999991239
93.1,1.86541,-0.002800000000000739,-0.022000000000013398
93.2,1.86532,-0.000899999999999158,0.01900000000001419
93.3,1.86509,-0.0023000000000018756,-0.014000000000027973
93.4,1.86517,0.0008000000000007319,0.031000000000023432
93.5,1.86554,0.003700000000000025,0.02899999999999458
93.6,1.86468,-0.008600000000001318,-0.12300000000002043
93.7,1.86552,0.008400000000001023,0.1700000000000089
93.8,1.86535,-0.0017000000000001315,-0.10100000000001728
93.9,1.86442,-0.009300000000000181,-0.07599999999999402
94,1.86444,0.0002000000000013216,0.09500000000002044
94.1,1.86431,-0.0013000000000019292,-0.01500000000003336
94.2,1.86457,0.0026000000000012684,0.03900000000002865
94.3,1.86391,-0.006600000000001425,-0.09200000000003217
94.4,1.8634,-0.00509999999999967,0.015000000000016273
94.5,1.8639,0.004999999999999734,0.10099999999999978
94.6,1.86389,-9.999999999844035E-05,-0.05099999999998465
94.7,1.863,-0.008899999999999816,-0.08800000000000625
94.8,1.86314,0.0014000000000003695,0.10300000000000771
94.9,1.86311,-0.00029999999999971933,-0.01699999999999944
95,1.86352,0.004100000000000448,0.044000000000004175
95.1,1.86222,-0.013000000000001528,-0.17100000000002946
95.2,1.86337,0.011499999999998864,0.244999999999983
95.3,1.8625,-0.008699999999999758,-0.2019999999999977
95.4,1.86266,0.0015999999999992433,0.10299999999998123
95.5,1.86184,-0.008200000000000896,-0.09800000000000696
95.6,1.86229,0.0045000000000008705,0.12700000000002487
95.7,1.86202,-0.0026999999999996944,-0.07199999999999951
95.8,1.86178,-0.0024000000000003164,0.0029999999999939506
95.9,1.8611,-0.00679999999999956,-0.04399999999998868
96,1.86183,0.007300000000001609,0.1410000000000197
96.1,1.86155,-0.002800000000000739,-0.10100000000002922
96.2,1.86102,-0.005300000000000963,-0.025000000000000105
96.3,1.86142,0.004000000000002007,0.09300000000003497
96.4,1.86043,-0.00989999999999962,-0.1390000000000044
96.5,1.85966,-0.007699999999999812,0.021999999999999322
96.6,1.86083,0.011699999999999598,0.19400000000000514
96.7,1.85978,-0.010499999999999059,-0.22199999999996767
96.8,1.86007,0.0028999999999991793,0.13399999999999
96.9,1.86014,0.0007000000000000852,-0.021999999999989066
97,1.85993,-0.0020999999999983337,-0.02799999999998578
97.1,1.86001,0.000799999999998625,0.028999999999971236
97.2,1.85983,-0.001799999999998316,-0.025999999999967195
97.3,1.85945,-0.0038000000000006856,-0.020000000000024835
97.4,1.8596,0.0014999999999985966,0.052999999999988306
97.5,1.85922,-0.003799999999998465,-0.05299999999997364
97.6,1.85851,-0.0071000000000002875,-0.0330000000000201
97.7,1.85943,0.009199999999997314,0.16299999999996212
97.8,1.85884,-0.00589999999999902,-0.15099999999997193
97.9,1.85851,-0.003299999999999133,0.02599999999999665
98,1.85889,0.003799999999998465,0.07099999999998001
98.1,1.85831,-0.005800000000000579,-0.0959999999999959
98.2,1.85894,0.006300000000000768,0.12100000000000315
98.3,1.8586,-0.003400000000000263,-0.09700000000001582
98.4,1.85816,-0.004399999999999584,-0.009999999999992355
98.5,1.85775,-0.004100000000000448,0.0029999999999915307
98.6,1.85779,0.00040000000000042275,0.04500000000001126
98.7,1.85735,-0.004399999999999584,-0.04799999999999597
98.8,1.85757,0.0021999999999989944,0.06599999999998954
98.9,1.85719,-0.0038000000000001457,-0.05999999999998628
99,1.85668,-0.005099999999998174,-0.012999999999981018
99.1,1.85729,0.006100000000000341,0.11199999999999152
99.2,1.85769,0.003999999999999219,-0.021000000000009435
99.3,1.85704,-0.006500000000000764,-0.10500000000000578
99.4,1.85663,-0.004099999999999865,0.024000000000006943
99.5,1.85711,0.004800000000000633,0.08900000000001004
99.6,1.85684,-0.002700000000000078,-0.07500000000001138
99.7,1.85624,-0.006000000000001048,-0.033000000000006885
99.8,1.85661,0.0037000000000022453,0.09700000000003844
99.9,1.85656,-0.0005000000000010125,-0.04200000000002899
100,1.8567,0.0014000000000003695,0.0190000000000149
